vocab,endpointUrl
http://www.w3.org/ns/shacl#,http://sparql.uniprot.org
http://www.w3.org/2002/07/owl#,https://fr.dbpedia.org/sparql
http://www.w3.org/2000/01/rdf-schema#,http://bio2rdf.org/sparql
http://www.w3.org/1999/02/22-rdf-syntax-ns#,http://sparql.orthodb.org/sparql
http://www.w3.org/1999/02/22-rdf-syntax-ns#,https://api.druid.datalegend.net/datasets/andb/andb-leerlingen/sparql
http://www.w3.org/1999/02/22-rdf-syntax-ns#,https://api.druid.datalegend.net/datasets/HistoryOfWork/historyOfWork-all-latest/sparql
http://www.w3.org/2003/11/swrl#,http://metadb.riken.jp/sparql
http://www.w3.org/2003/11/swrl#,https://covidontheweb.inria.fr/sparql
http://www.w3.org/2000/01/rdf-schema#,https://ldf.fi/warsa/sparql
http://www.w3.org/1999/02/22-rdf-syntax-ns#,https://sparql.orthodb.org/sparql
http://www.w3.org/2004/02/skos/core#,https://chemblmirror.rdf.bigcat-bioinformatics.org/sparql
http://www.w3.org/2004/02/skos/core#,http://linkedlifedata.com/sparql
http://www.w3.org/2002/07/owl#,http://d2kab.i3s.unice.fr/sparql
http://www.w3.org/2000/01/rdf-schema#,https://api.druid.datalegend.net/datasets/CLARIAH-VL/Ghent-Gazetteer/sparql
http://www.w3.org/2002/07/owl#,http://www.ss-framework.com/sparql
http://www.w3.org/2004/02/skos/core#,https://api.druid.datalegend.net/datasets/dataLegend/gemeentegeschiedenis/sparql
http://www.w3.org/2002/07/owl#,http://upr.eagle-i.net/sparqler/sparql
http://www.w3.org/1999/02/22-rdf-syntax-ns#,http://rdf.geneontology.org/blazegraph/sparql
,https://api.druid.datalegend.net/datasets/IISG-DA/Collectie-Interviews-Wim-Kok-deel-2/sparql
http://www.w3.org/2002/07/owl#,https://coxpresdb.jp/sparql
http://www.w3.org/2000/01/rdf-schema#,http://linkeddata.finki.ukim.mk/sparql
http://www.w3.org/2002/07/owl#,http://data.persee.fr/sparql
http://www.w3.org/2000/01/rdf-schema#,https://vocab.nerc.ac.uk/sparql
http://www.w3.org/1999/02/22-rdf-syntax-ns#,https://es.dbpedia.org/sparql
http://www.w3.org/1999/02/22-rdf-syntax-ns#,https://datos.bne.es/sparql
http://www.w3.org/2000/01/rdf-schema#,https://opendata.aragon.es/sparql
http://www.w3.org/1999/02/22-rdf-syntax-ns#,http://vocab.nerc.ac.uk/sparql/
http://www.w3.org/1999/02/22-rdf-syntax-ns#,https://api.druid.datalegend.net/datasets/IISG-DA/ORCID-data/sparql
http://www.w3.org/2004/02/skos/core#,https://data.cervantesvirtual.com/sparql
http://www.w3.org/1999/02/22-rdf-syntax-ns#,https://lod.sztaki.hu/sparql
http://www.w3.org/2000/01/rdf-schema#,https://data.mvcr.gov.cz/sparql
http://www.w3.org/2002/07/owl#,http://sparql.proconsortium.org/virtuoso/sparql
http://www.w3.org/2002/07/owl#,https://covidontheweb.inria.fr/sparql
http://www.w3.org/1999/02/22-rdf-syntax-ns#,https://query.wikidata.org/bigdata/namespace/dcatap/sparql
http://www.w3.org/2004/02/skos/core#,https://weakg.i3s.unice.fr/sparql
http://www.w3.org/2002/07/owl#,http://metadb.riken.jp/sparql
http://www.w3.org/2000/01/rdf-schema#,https://lsd.dbcls.jp/sparql
http://www.w3.org/1999/02/22-rdf-syntax-ns#,https://lod.tamtamresearch.com/sparql
http://www.w3.org/2004/02/skos/core#,http://vocabs.ands.org.au/repository/api/sparql/ga_geologic-unit-type_v0-1
http://www.w3.org/2000/01/rdf-schema#,https://alma.uni.lu/sparql
http://www.w3.org/2004/02/skos/core#,https://api.druid.datalegend.net/datasets/MiconSchorsij/thesaurus/sparql
http://www.w3.org/2000/01/rdf-schema#,http://api.finto.fi/sparql
http://www.w3.org/2004/02/skos/core#,https://xn--slovnk-7va.gov.cz/sparql
http://www.w3.org/ns/shacl#,https://api.druid.datalegend.net/datasets/dataLegend/Admissies-Haarlem/sparql
http://www.w3.org/2004/02/skos/core#,https://cs.dbpedia.org/sparql
http://www.w3.org/1999/02/22-rdf-syntax-ns#,http://wasabi.inria.fr/sparql
http://www.w3.org/1999/02/22-rdf-syntax-ns#,https://query.wikidata.org/bigdata/namespace/wdq/sparql
http://www.w3.org/2000/01/rdf-schema#,https://opendatacommunities.org/sparql
http://www.w3.org/2002/07/owl#,https://ld.ncl.edu.tw/fuseki/lod/query
http://www.w3.org/2000/01/rdf-schema#,http://ldf.fi/warsa/sparql
http://www.w3.org/2004/02/skos/core#,http://caligraph.org/sparql
http://www.w3.org/1999/02/22-rdf-syntax-ns#,https://yago-knowledge.org/sparql/query
http://www.w3.org/2000/01/rdf-schema#,https://data.europa.eu/sparql
http://www.w3.org/2000/01/rdf-schema#,http://es.dbpedia.org/sparql
http://www.w3.org/1999/02/22-rdf-syntax-ns#,https://api.druid.datalegend.net/datasets/RubenS/marc21/sparql
http://www.w3.org/1999/02/22-rdf-syntax-ns#,https://api.druid.datalegend.net/datasets/dataLegend/CEDAR-S/sparql
http://www.w3.org/2004/02/skos/core#,http://uccaribe.eagle-i.net/sparqler/sparql
http://www.w3.org/2000/01/rdf-schema#,http://sparql.europeana.eu
http://www.w3.org/2000/01/rdf-schema#,http://lod.openlinksw.com/sparql
http://www.w3.org/2000/01/rdf-schema#,https://beta.sparql.swisslipids.org/
http://www.w3.org/2002/07/owl#,https://api.druid.datalegend.net/datasets/mromanello/hucit/sparql
http://www.w3.org/2002/07/owl#,http://psm.eagle-i.net/sparqler/sparql
http://www.w3.org/2004/02/skos/core#,http://sparql.datao.net/sparql
http://www.w3.org/2000/01/rdf-schema#,https://www.bgee.org/sparql
http://www.w3.org/1999/02/22-rdf-syntax-ns#,https://lipidmaps.org/sparql
http://www.w3.org/2004/02/skos/core#,https://dati.camera.it/sparql
http://www.w3.org/1999/02/22-rdf-syntax-ns#,https://linked.opendata.cz/sparql
http://www.w3.org/2000/01/rdf-schema#,https://metadb.riken.jp/sparql
http://www.w3.org/2002/07/owl#,https://rdf.metanetx.org/sparql
http://www.w3.org/2004/02/skos/core#,https://joinup.ec.europa.eu/sparql
http://spinrdf.org/spin#,http://lov.okfn.org/dataset/lov/sparql
http://www.w3.org/2002/07/owl#,https://api.druid.datalegend.net/datasets/dataLegend/strikes/sparql
http://www.w3.org/1999/02/22-rdf-syntax-ns#,https://rdf.insee.fr/sparql
http://www.w3.org/1999/02/22-rdf-syntax-ns#,https://api.druid.datalegend.net/datasets/IISG/historic-maps/sparql
http://www.w3.org/1999/02/22-rdf-syntax-ns#,https://ja.dbpedia.org/sparql
http://www.w3.org/2002/07/owl#,https://glyconnect.expasy.org/sparql
http://www.w3.org/1999/02/22-rdf-syntax-ns#,https://db.project-hobbit.eu/sparql
http://www.w3.org/2004/02/skos/core#,https://api.druid.datalegend.net/datasets/AdamNet/Geography/sparql
http://www.w3.org/2000/01/rdf-schema#,http://vocabs.ardc.edu.au/repository/api/sparql/aas_the-unified-astronomy-thesaurus_4-0-1
http://www.w3.org/2002/07/owl#,http://vocabs.ands.org.au/repository/api/sparql/csiro_international-chronostratigraphic-chart_2018
http://www.w3.org/1999/02/22-rdf-syntax-ns#,https://hu.dbpedia.org/sparql
http://www.w3.org/1999/02/22-rdf-syntax-ns#,https://schema.gov.it/sparql
http://www.w3.org/1999/02/22-rdf-syntax-ns#,http://environment.data.gov.uk/sparql/bwq/query
http://www.w3.org/2004/02/skos/core#,http://de.dbpedia.org/sparql
http://www.w3.org/2004/02/skos/core#,http://eventmedia.eurecom.fr/sparql
http://www.w3.org/2004/02/skos/core#,https://www.govdata.de/sparql
http://www.w3.org/2000/01/rdf-schema#,http://data.cervantesvirtual.com/sparql
http://www.w3.org/2000/01/rdf-schema#,http://geo.linkeddata.es/sparql
http://www.w3.org/2002/07/owl#,https://api.druid.datalegend.net/datasets/Per-LOD-ad-Astra/Sleutelkastje/sparql
http://www.w3.org/2000/01/rdf-schema#,https://query.portal.mardi4nfdi.de/proxy/wdqs/bigdata/namespace/wdq/sparql
http://www.w3.org/2000/01/rdf-schema#,http://msm.eagle-i.net/sparqler/sparql
http://www.w3.org/1999/02/22-rdf-syntax-ns#,http://resource.geolba.ac.at/PoolParty/sparql/tectonicunit
http://www.w3.org/1999/02/22-rdf-syntax-ns#,https://sparql.crssnky.xyz/spql/imas/query
http://www.w3.org/2000/01/rdf-schema#,https://semanticweb.cs.vu.nl/dss/sparql
http://www.w3.org/1999/02/22-rdf-syntax-ns#,https://digitaalerfgoed.poolparty.biz/PoolParty/sparql/term/id/cht
http://www.w3.org/2002/07/owl#,https://ldf.fi/folklore/sparql
http://www.w3.org/2004/02/skos/core#,https://data.dia.gov.cz/sparql
http://www.w3.org/2000/01/rdf-schema#,https://clara.univ-nantes.fr/sparql
http://www.w3.org/2002/07/owl#,https://lov.okfn.org/dataset/lov/sparql
http://www.w3.org/2000/01/rdf-schema#,http://dbtune.org/classical/sparql
http://www.w3.org/2004/02/skos/core#,https://api.druid.datalegend.net/datasets/AdamNet/Heritage/sparql
http://www.w3.org/2000/01/rdf-schema#,https://ld.cultural.jp/sparql
http://www.w3.org/2003/11/swrl#,https://lov.okfn.org/dataset/lov/sparql
http://www.w3.org/2002/07/owl#,https://api.kunstmuseum.nl/query/proxy/wdqs/bigdata/namespace/wdq/sparql
http://www.w3.org/2002/07/owl#,https://www.foodie-cloud.org/sparql
http://www.w3.org/2002/07/owl#,http://data.bibliotheken.nl/sparql
http://www.w3.org/2000/01/rdf-schema#,https://api.druid.datalegend.net/datasets/andb/andb-leden/sparql
http://www.w3.org/1999/02/22-rdf-syntax-ns#,http://data.allie.dbcls.jp/sparql
http://www.w3.org/2000/01/rdf-schema#,http://vocab.getty.edu/sparql
http://www.w3.org/2002/07/owl#,http://ldf.fi/semparl/sparql
http://www.w3.org/1999/02/22-rdf-syntax-ns#,https://ts.glycosmos.org/sparql
http://www.w3.org/2004/02/skos/core#,http://demo.openlinksw.com/sparql
http://www.w3.org/1999/02/22-rdf-syntax-ns#,http://uriburner.com/sparql
http://www.w3.org/2000/01/rdf-schema#,http://sparql.lynx-project.eu
http://www.w3.org/2002/07/owl#,https://api.druid.datalegend.net/datasets/dataLegend/Clio-Infra/sparql
http://www.w3.org/1999/02/22-rdf-syntax-ns#,https://bmrbpub.pdbj.org/search/rdf
http://www.w3.org/2000/01/rdf-schema#,http://jsu.eagle-i.net/sparqler/sparql
http://www.w3.org/2002/07/owl#,http://kaiko.getalp.org/sparql
http://www.w3.org/2000/01/rdf-schema#,https://kaiko.getalp.org/sparql
http://www.w3.org/2004/02/skos/core#,http://sparql.uniprot.org
http://www.w3.org/2004/02/skos/core#,https://zbw.eu/beta/sparql/stw/query
http://www.w3.org/2000/01/rdf-schema#,https://api.druid.datalegend.net/datasets/IISG/jobHoard/sparql
http://www.w3.org/2000/01/rdf-schema#,http://sparql.archives-ouvertes.fr/sparql
http://spinrdf.org/spin#,http://lod.openlinksw.com/sparql
http://www.w3.org/2002/07/owl#,https://sparql.glyconavi.org/sparql
http://www.w3.org/2004/02/skos/core#,https://data.cssz.cz/sparql
http://www.w3.org/2000/01/rdf-schema#,https://hitontology.eu/sparql
http://www.w3.org/2002/07/owl#,http://dati.camera.it/sparql
http://www.w3.org/2002/07/owl#,https://lov.linkeddata.es/dataset/lov/sparql
http://www.w3.org/2000/01/rdf-schema#,http://datos.bne.es/sparql
http://www.w3.org/2002/07/owl#,https://opendata1.opendata.u-psud.fr/sparql
http://www.w3.org/2002/07/owl#,https://zbw.eu/beta/sparql/gnd/query
http://www.w3.org/2002/07/owl#,https://dbmi-icode-01.dbmi.pitt.edu/sparql
http://www.w3.org/1999/02/22-rdf-syntax-ns#,https://www.snik.eu/sparql
http://www.w3.org/2002/07/owl#,https://triplestore.iccu.sbn.it/sparql
http://www.w3.org/2000/01/rdf-schema#,https://ontology.inrae.fr/bsv/sparql
http://www.w3.org/2002/07/owl#,http://alaska.eagle-i.net/sparqler/sparql
http://www.w3.org/2002/07/owl#,http://ldf.fi/kirjasampo/sparql
http://www.w3.org/2000/01/rdf-schema#,https://data.persee.fr/sparql
http://www.w3.org/2002/07/owl#,https://ldf.fi/ww1lod/sparql
http://www.w3.org/1999/02/22-rdf-syntax-ns#,https://knowledge.brc.riken.jp/sparql
http://www.w3.org/2000/01/rdf-schema#,https://ldf.fi/mmm/sparql
http://www.w3.org/2000/01/rdf-schema#,https://sparql.uniprot.org/sparql
http://www.w3.org/2003/11/swrl#,https://lov.linkeddata.es/dataset/lov/sparql
http://www.w3.org/2000/01/rdf-schema#,http://utep.eagle-i.net/sparqler/sparql
http://www.w3.org/2000/01/rdf-schema#,https://sparql.string-db.org/
http://www.w3.org/2003/11/swrl#,https://dbmi-icode-01.dbmi.pitt.edu/sparql
http://www.w3.org/1999/02/22-rdf-syntax-ns#,https://api.druid.datalegend.net/datasets/nlgis/mint/sparql
http://www.w3.org/2000/01/rdf-schema#,http://lov.okfn.org/dataset/lov/sparql
http://www.w3.org/2004/02/skos/core#,https://ontology.inrae.fr/frenchcropusage/sparql
http://www.w3.org/2002/07/owl#,https://api.druid.datalegend.net/datasets/HistoryOfWork/historyOfWork-all-latest/services/historyOfWork-all-latest/sparql
http://www.w3.org/1999/02/22-rdf-syntax-ns#,https://data.mpsv.cz/sparql/
http://www.w3.org/2004/02/skos/core#,https://api.druid.datalegend.net/datasets/dataLegend/Admissies-Haarlem/sparql
http://www.w3.org/1999/02/22-rdf-syntax-ns#,https://opendata.mfcr.cz/lod/sparql
http://www.w3.org/2000/01/rdf-schema#,https://api.finto.fi/sparql
http://www.w3.org/2002/07/owl#,https://data.gesis.org/claimskg/sparql
http://www.w3.org/1999/02/22-rdf-syntax-ns#,https://covidontheweb.inria.fr/sparql
http://www.w3.org/1999/02/22-rdf-syntax-ns#,https://api.druid.datalegend.net/datasets/nlgis/cshapes/sparql
http://www.w3.org/2002/07/owl#,https://lod.tamtamresearch.com/sparql
http://www.w3.org/2000/01/rdf-schema#,http://dbkwik.webdatacommons.org/sparql
http://www.w3.org/1999/02/22-rdf-syntax-ns#,http://metadb.riken.jp/sparql
http://www.w3.org/2004/02/skos/core#,http://jsu.eagle-i.net/sparqler/sparql
http://www.w3.org/2000/01/rdf-schema#,https://zbw.eu/beta/sparql/stw/query
http://www.w3.org/2002/07/owl#,https://lod.sztaki.hu/sparql
http://www.w3.org/1999/02/22-rdf-syntax-ns#,http://sparql.proconsortium.org/virtuoso/sparql
http://www.w3.org/2004/02/skos/core#,https://kaiko.getalp.org/sparql
http://www.w3.org/2000/01/rdf-schema#,http://sparql.uniprot.org
http://www.w3.org/2002/07/owl#,http://wasabi.inria.fr/sparql
http://www.w3.org/2004/02/skos/core#,http://sparql.archives-ouvertes.fr/sparql
http://www.w3.org/2000/01/rdf-schema#,https://data.cssz.cz/sparql
http://www.w3.org/2002/07/owl#,https://datos.bne.es/sparql
http://www.w3.org/2004/02/skos/core#,https://hitontology.eu/sparql
http://www.w3.org/2004/02/skos/core#,http://datos.bne.es/sparql
http://www.w3.org/2002/07/owl#,https://es.dbpedia.org/sparql
http://www.w3.org/2002/07/owl#,http://rdf.geneontology.org/blazegraph/sparql
http://www.w3.org/1999/02/22-rdf-syntax-ns#,https://coxpresdb.jp/sparql
http://www.w3.org/1999/02/22-rdf-syntax-ns#,http://data.persee.fr/sparql
http://www.w3.org/2002/07/owl#,http://vocab.nerc.ac.uk/sparql/
http://www.w3.org/2004/02/skos/core#,https://data.persee.fr/sparql
http://www.w3.org/1999/02/22-rdf-syntax-ns#,http://d2kab.i3s.unice.fr/sparql
http://www.w3.org/2002/07/owl#,https://sparql.orthodb.org/sparql
http://www.w3.org/2004/02/skos/core#,https://ldf.fi/mmm/sparql
http://www.w3.org/2004/02/skos/core#,https://sparql.uniprot.org/sparql
http://www.w3.org/1999/02/22-rdf-syntax-ns#,http://upr.eagle-i.net/sparqler/sparql
http://www.w3.org/2003/11/swrl#,http://rdf.geneontology.org/blazegraph/sparql
http://www.w3.org/2004/02/skos/core#,http://utep.eagle-i.net/sparqler/sparql
http://www.w3.org/1999/02/22-rdf-syntax-ns#,http://www.ss-framework.com/sparql
http://www.w3.org/2004/02/skos/core#,https://sparql.string-db.org/
http://www.w3.org/2002/07/owl#,http://sparql.orthodb.org/sparql
http://www.w3.org/2004/02/skos/core#,http://lov.okfn.org/dataset/lov/sparql
http://www.w3.org/2000/01/rdf-schema#,https://ontology.inrae.fr/frenchcropusage/sparql
http://www.w3.org/2003/11/swrl#,http://wasabi.inria.fr/sparql
http://www.w3.org/1999/02/22-rdf-syntax-ns#,https://fr.dbpedia.org/sparql
http://www.w3.org/2000/01/rdf-schema#,https://api.druid.datalegend.net/datasets/dataLegend/Admissies-Haarlem/sparql
http://www.w3.org/2004/02/skos/core#,https://api.finto.fi/sparql
http://www.w3.org/2002/07/owl#,https://api.druid.datalegend.net/datasets/andb/andb-leerlingen/sparql
http://www.w3.org/ns/shacl#,http://api.finto.fi/sparql
http://www.w3.org/2002/07/owl#,https://api.druid.datalegend.net/datasets/HistoryOfWork/historyOfWork-all-latest/sparql
http://www.w3.org/2002/07/owl#,https://db.project-hobbit.eu/sparql
http://www.w3.org/2000/01/rdf-schema#,http://dbtune.org/bbc/peel/sparql
http://www.w3.org/2002/07/owl#,https://ja.dbpedia.org/sparql
http://www.w3.org/1999/02/22-rdf-syntax-ns#,https://glyconnect.expasy.org/sparql
http://www.w3.org/2000/01/rdf-schema#,http://de.dbpedia.org/sparql
http://www.w3.org/ns/shacl#,https://data.europa.eu/sparql
http://www.w3.org/2000/01/rdf-schema#,http://eventmedia.eurecom.fr/sparql
http://www.w3.org/2000/01/rdf-schema#,http://aemet.linkeddata.es/sparql
http://www.w3.org/1999/02/22-rdf-syntax-ns#,http://vocabs.ands.org.au/repository/api/sparql/csiro_international-chronostratigraphic-chart_2018
http://www.w3.org/2004/02/skos/core#,https://query.portal.mardi4nfdi.de/proxy/wdqs/bigdata/namespace/wdq/sparql
http://www.w3.org/2000/01/rdf-schema#,https://www.govdata.de/sparql
http://www.w3.org/2004/02/skos/core#,http://data.cervantesvirtual.com/sparql
http://www.w3.org/2002/07/owl#,https://linked.opendata.cz/sparql
http://www.w3.org/2004/02/skos/core#,https://semanticweb.cs.vu.nl/dss/sparql
http://www.w3.org/ns/shacl#,http://lod.openlinksw.com/sparql
http://www.w3.org/2004/02/skos/core#,http://msm.eagle-i.net/sparqler/sparql
http://www.w3.org/1999/02/22-rdf-syntax-ns#,https://rdf.metanetx.org/sparql
http://www.w3.org/1999/02/22-rdf-syntax-ns#,https://api.druid.datalegend.net/datasets/dataLegend/strikes/sparql
http://www.w3.org/2002/07/owl#,https://rdf.insee.fr/sparql
http://www.w3.org/2000/01/rdf-schema#,https://data.dia.gov.cz/sparql
http://www.w3.org/2004/02/skos/core#,https://clara.univ-nantes.fr/sparql
http://www.w3.org/2004/02/skos/core#,https://ld.cultural.jp/sparql
http://www.w3.org/2000/01/rdf-schema#,https://api.druid.datalegend.net/datasets/AdamNet/Heritage/sparql
http://www.w3.org/ns/shacl#,https://beta.sparql.swisslipids.org/
http://www.w3.org/2002/07/owl#,https://api.druid.datalegend.net/datasets/RubenS/marc21/sparql
http://www.w3.org/2002/07/owl#,https://api.druid.datalegend.net/datasets/dataLegend/CEDAR-S/sparql
http://www.w3.org/2002/07/owl#,https://lipidmaps.org/sparql
http://www.w3.org/1999/02/22-rdf-syntax-ns#,https://api.druid.datalegend.net/datasets/mromanello/hucit/sparql
http://www.w3.org/1999/02/22-rdf-syntax-ns#,http://psm.eagle-i.net/sparqler/sparql
http://www.w3.org/2004/02/skos/core#,http://vocab.getty.edu/sparql
http://www.w3.org/1999/02/22-rdf-syntax-ns#,https://ld.ncl.edu.tw/fuseki/lod/query
http://www.w3.org/2002/07/owl#,https://query.wikidata.org/bigdata/namespace/wdq/sparql
http://www.w3.org/1999/02/22-rdf-syntax-ns#,https://api.druid.datalegend.net/datasets/nlgis/gemeentegeschiedenis/sparql
http://www.w3.org/2004/02/skos/core#,http://sparql.lynx-project.eu
http://www.w3.org/2000/01/rdf-schema#,http://demo.openlinksw.com/sparql
http://www.w3.org/2002/07/owl#,https://yago-knowledge.org/sparql/query
http://www.w3.org/2000/01/rdf-schema#,https://dba-rdf.biosciencedbc.jp/sparql
http://www.w3.org/1999/02/22-rdf-syntax-ns#,http://ldf.fi/semparl/sparql
http://www.w3.org/2004/02/skos/core#,https://opendatacommunities.org/sparql
http://www.w3.org/2002/07/owl#,https://ts.glycosmos.org/sparql
http://www.w3.org/2002/07/owl#,http://data.allie.dbcls.jp/sparql
http://www.w3.org/2000/01/rdf-schema#,http://caligraph.org/sparql
http://www.w3.org/1999/02/22-rdf-syntax-ns#,https://api.druid.datalegend.net/datasets/dataLegend/Clio-Infra/sparql
http://www.w3.org/2002/07/owl#,https://bmrbpub.pdbj.org/search/rdf
http://www.w3.org/2004/02/skos/core#,http://ldf.fi/warsa/sparql
http://www.w3.org/2004/02/skos/core#,https://data.europa.eu/sparql
http://www.w3.org/2002/07/owl#,http://uriburner.com/sparql
http://www.w3.org/1999/02/22-rdf-syntax-ns#,https://api.kunstmuseum.nl/query/proxy/wdqs/bigdata/namespace/wdq/sparql
http://www.w3.org/1999/02/22-rdf-syntax-ns#,https://hkcan.julac.org/lod/sparql
http://www.w3.org/1999/02/22-rdf-syntax-ns#,https://www.foodie-cloud.org/sparql
http://www.w3.org/2004/02/skos/core#,http://es.dbpedia.org/sparql
http://www.w3.org/2004/02/skos/core#,http://sparql.europeana.eu
http://www.w3.org/2004/02/skos/core#,http://lod.openlinksw.com/sparql
http://www.w3.org/2000/01/rdf-schema#,http://uccaribe.eagle-i.net/sparqler/sparql
http://www.w3.org/1999/02/22-rdf-syntax-ns#,https://data.nationallibrary.fi/bib/sparql
http://www.w3.org/2000/01/rdf-schema#,http://sparql.datao.net/sparql
http://www.w3.org/2004/02/skos/core#,https://beta.sparql.swisslipids.org/
http://www.w3.org/1999/02/22-rdf-syntax-ns#,http://data.bibliotheken.nl/sparql
http://www.w3.org/2004/02/skos/core#,https://www.bgee.org/sparql
http://www.w3.org/2002/07/owl#,https://digitaalerfgoed.poolparty.biz/PoolParty/sparql/term/id/cht
http://www.w3.org/1999/02/22-rdf-syntax-ns#,https://ldf.fi/folklore/sparql
http://www.w3.org/2000/01/rdf-schema#,https://dati.camera.it/sparql
http://www.w3.org/2000/01/rdf-schema#,https://joinup.ec.europa.eu/sparql
http://www.w3.org/2000/01/rdf-schema#,https://www.thegazette.co.uk/sparql
http://www.w3.org/2002/07/owl#,http://resource.geolba.ac.at/PoolParty/sparql/tectonicunit
http://www.w3.org/2002/07/owl#,https://sparql.crssnky.xyz/spql/imas/query
http://www.w3.org/2004/02/skos/core#,https://metadb.riken.jp/sparql
http://www.w3.org/2000/01/rdf-schema#,https://id.nlm.nih.gov/mesh/sparql
http://www.w3.org/1999/02/22-rdf-syntax-ns#,https://lov.okfn.org/dataset/lov/sparql
http://www.w3.org/1999/02/22-rdf-syntax-ns#,https://api.druid.datalegend.net/datasets/MiconSchorsij/OnTheWaterfront/sparql
http://www.w3.org/2002/07/owl#,http://environment.data.gov.uk/sparql/bwq/query
http://www.w3.org/2002/07/owl#,https://hu.dbpedia.org/sparql
http://www.w3.org/2000/01/rdf-schema#,https://api.druid.datalegend.net/datasets/AdamNet/Geography/sparql
http://www.w3.org/2003/11/swrl#,http://uriburner.com/sparql
http://www.w3.org/2002/07/owl#,https://schema.gov.it/sparql
http://www.w3.org/2003/11/swrl#,https://ts.glycosmos.org/sparql
http://www.w3.org/2004/02/skos/core#,http://vocabs.ardc.edu.au/repository/api/sparql/aas_the-unified-astronomy-thesaurus_4-0-1
http://www.w3.org/1999/02/22-rdf-syntax-ns#,https://bittich.be/sparql
http://www.w3.org/1999/02/22-rdf-syntax-ns#,https://api.druid.datalegend.net/datasets/Per-LOD-ad-Astra/Sleutelkastje/sparql
http://www.w3.org/1999/02/22-rdf-syntax-ns#,https://api.druid.datalegend.net/datasets/HistoryOfWork/historyOfWork-all-latest/services/historyOfWork-all-latest/sparql
http://www.w3.org/2004/02/skos/core#,https://api.druid.datalegend.net/datasets/dataLegend/Baghdad-to-London/sparql
http://www.w3.org/2002/07/owl#,https://api.druid.datalegend.net/datasets/nlgis/mint/sparql
http://www.w3.org/2004/02/skos/core#,http://bio2rdf.org/sparql
http://www.w3.org/1999/02/22-rdf-syntax-ns#,https://data.gesis.org/claimskg/sparql
http://www.w3.org/2002/07/owl#,https://opendata.mfcr.cz/lod/sparql
http://www.w3.org/2002/07/owl#,https://data.mpsv.cz/sparql/
http://www.w3.org/2000/01/rdf-schema#,https://chemblmirror.rdf.bigcat-bioinformatics.org/sparql
http://www.w3.org/2000/01/rdf-schema#,http://linkedlifedata.com/sparql
http://www.w3.org/2004/02/skos/core#,https://ldf.fi/warsa/sparql
http://www.w3.org/1999/02/22-rdf-syntax-ns#,https://ldf.fi/ww1lod/sparql
http://www.w3.org/1999/02/22-rdf-syntax-ns#,http://ldf.fi/kirjasampo/sparql
http://www.w3.org/ns/shacl#,https://hitontology.eu/sparql
http://www.w3.org/2004/02/skos/core#,https://api.druid.datalegend.net/datasets/CLARIAH-VL/Ghent-Gazetteer/sparql
http://www.w3.org/2002/07/owl#,https://knowledge.brc.riken.jp/sparql
http://www.w3.org/2000/01/rdf-schema#,https://ts.glytoucan.org/sparql
http://www.w3.org/2000/01/rdf-schema#,https://api.druid.datalegend.net/datasets/dataLegend/gemeentegeschiedenis/sparql
http://www.w3.org/1999/02/22-rdf-syntax-ns#,https://zbw.eu/beta/sparql/gnd/query
http://www.w3.org/1999/02/22-rdf-syntax-ns#,https://dbmi-icode-01.dbmi.pitt.edu/sparql
http://spinrdf.org/spin#,http://demo.openlinksw.com/sparql
http://www.w3.org/1999/02/22-rdf-syntax-ns#,http://dati.camera.it/sparql
http://www.w3.org/1999/02/22-rdf-syntax-ns#,https://lov.linkeddata.es/dataset/lov/sparql
http://www.w3.org/1999/02/22-rdf-syntax-ns#,https://opendata1.opendata.u-psud.fr/sparql
http://www.w3.org/2004/02/skos/core#,https://vocab.nerc.ac.uk/sparql
http://www.w3.org/2003/11/swrl#,https://knowledge.brc.riken.jp/sparql
http://www.w3.org/2004/02/skos/core#,https://opendata.aragon.es/sparql
http://www.w3.org/1999/02/22-rdf-syntax-ns#,http://alaska.eagle-i.net/sparqler/sparql
http://www.w3.org/2002/07/owl#,https://www.snik.eu/sparql
http://www.w3.org/1999/02/22-rdf-syntax-ns#,https://triplestore.iccu.sbn.it/sparql
http://www.w3.org/ns/shacl#,https://sparql.uniprot.org/sparql
http://www.w3.org/2004/02/skos/core#,https://data.mvcr.gov.cz/sparql
http://www.w3.org/2000/01/rdf-schema#,https://data.cervantesvirtual.com/sparql
http://www.w3.org/2004/02/skos/core#,https://lsd.dbcls.jp/sparql
http://www.w3.org/ns/shacl#,http://lov.okfn.org/dataset/lov/sparql
http://www.w3.org/1999/02/22-rdf-syntax-ns#,http://kaiko.getalp.org/sparql
http://www.w3.org/2000/01/rdf-schema#,https://weakg.i3s.unice.fr/sparql
http://www.w3.org/2004/02/skos/core#,http://api.finto.fi/sparql
http://www.w3.org/ns/shacl#,https://api.finto.fi/sparql
http://www.w3.org/2000/01/rdf-schema#,https://xn--slovnk-7va.gov.cz/sparql
http://www.w3.org/1999/02/22-rdf-syntax-ns#,https://sparql.glyconavi.org/sparql
http://www.w3.org/2000/01/rdf-schema#,http://vocabs.ands.org.au/repository/api/sparql/ga_geologic-unit-type_v0-1
http://www.w3.org/2004/02/skos/core#,https://alma.uni.lu/sparql
http://www.w3.org/2000/01/rdf-schema#,https://cs.dbpedia.org/sparql
http://www.w3.org/2000/01/rdf-schema#,http://www.ss-framework.com/sparql
http://www.w3.org/2004/02/skos/core#,https://knowledge.brc.riken.jp/sparql
http://www.w3.org/2000/01/rdf-schema#,http://upr.eagle-i.net/sparqler/sparql
http://www.w3.org/2002/07/owl#,https://ldf.fi/warsa/sparql
http://www.w3.org/2000/01/rdf-schema#,http://d2kab.i3s.unice.fr/sparql
http://www.w3.org/2004/02/skos/core#,https://data.mpsv.cz/sparql/
http://www.w3.org/1999/02/22-rdf-syntax-ns#,https://api.druid.datalegend.net/datasets/dataLegend/Admissies-Haarlem/sparql
http://www.w3.org/2004/02/skos/core#,https://opendata.mfcr.cz/lod/sparql
http://spinrdf.org/spin#,https://lov.okfn.org/dataset/lov/sparql
http://www.w3.org/2000/01/rdf-schema#,https://fr.dbpedia.org/sparql
http://www.w3.org/ns/shacl#,https://lod.tamtamresearch.com/sparql
http://www.w3.org/1999/02/22-rdf-syntax-ns#,https://ontology.inrae.fr/frenchcropusage/sparql
http://www.w3.org/2002/07/owl#,http://bio2rdf.org/sparql
http://www.w3.org/ns/shacl#,https://api.druid.datalegend.net/datasets/HistoryOfWork/historyOfWork-all-latest/sparql
http://www.w3.org/2002/07/owl#,https://alma.uni.lu/sparql
http://www.w3.org/1999/02/22-rdf-syntax-ns#,https://data.cssz.cz/sparql
http://www.w3.org/2002/07/owl#,http://api.finto.fi/sparql
http://www.w3.org/1999/02/22-rdf-syntax-ns#,https://zbw.eu/beta/sparql/stw/query
http://www.w3.org/2002/07/owl#,https://data.mvcr.gov.cz/sparql
http://www.w3.org/2000/01/rdf-schema#,http://sparql.proconsortium.org/virtuoso/sparql
http://www.w3.org/1999/02/22-rdf-syntax-ns#,http://sparql.uniprot.org
http://www.w3.org/2000/01/rdf-schema#,https://covidontheweb.inria.fr/sparql
http://www.w3.org/2000/01/rdf-schema#,https://api.druid.datalegend.net/datasets/nlgis/cshapes/sparql
http://www.w3.org/1999/02/22-rdf-syntax-ns#,http://dbkwik.webdatacommons.org/sparql
http://www.w3.org/2000/01/rdf-schema#,http://metadb.riken.jp/sparql
http://www.w3.org/2002/07/owl#,https://lsd.dbcls.jp/sparql
http://www.w3.org/2002/07/owl#,https://opendata.aragon.es/sparql
http://www.w3.org/2004/02/skos/core#,https://www.snik.eu/sparql
http://www.w3.org/2000/01/rdf-schema#,https://coxpresdb.jp/sparql
http://www.w3.org/2002/07/owl#,http://linkeddata.finki.ukim.mk/sparql
http://www.w3.org/2000/01/rdf-schema#,http://data.persee.fr/sparql
http://www.w3.org/2002/07/owl#,https://vocab.nerc.ac.uk/sparql
http://www.w3.org/2002/07/owl#,https://beta.sparql.swisslipids.org/
http://www.w3.org/2000/01/rdf-schema#,https://api.druid.datalegend.net/datasets/mromanello/hucit/sparql
http://www.w3.org/2000/01/rdf-schema#,http://psm.eagle-i.net/sparqler/sparql
http://www.w3.org/2002/07/owl#,https://www.bgee.org/sparql
http://www.w3.org/2003/11/swrl#,https://metadb.riken.jp/sparql
http://www.w3.org/2002/07/owl#,http://es.dbpedia.org/sparql
http://www.w3.org/2002/07/owl#,http://sparql.europeana.eu
http://www.w3.org/2002/07/owl#,http://lod.openlinksw.com/sparql
http://www.w3.org/2004/02/skos/core#,https://bmrbpub.pdbj.org/search/rdf
http://www.w3.org/2002/07/owl#,http://ldf.fi/warsa/sparql
http://spinrdf.org/spin#,https://lov.linkeddata.es/dataset/lov/sparql
http://www.w3.org/2004/02/skos/core#,http://uriburner.com/sparql
http://www.w3.org/2002/07/owl#,https://data.europa.eu/sparql
http://www.w3.org/1999/02/22-rdf-syntax-ns#,http://demo.openlinksw.com/sparql
http://www.w3.org/2004/02/skos/core#,https://ts.glycosmos.org/sparql
http://www.w3.org/2002/07/owl#,https://opendatacommunities.org/sparql
http://www.w3.org/2000/01/rdf-schema#,https://api.druid.datalegend.net/datasets/nlgis/gemeentegeschiedenis/sparql
http://www.w3.org/2004/02/skos/core#,http://data.allie.dbcls.jp/sparql
http://www.w3.org/2000/01/rdf-schema#,https://ld.ncl.edu.tw/fuseki/lod/query
http://www.w3.org/2002/07/owl#,http://vocabs.ardc.edu.au/repository/api/sparql/aas_the-unified-astronomy-thesaurus_4-0-1
http://www.w3.org/1999/02/22-rdf-syntax-ns#,https://www.govdata.de/sparql
http://www.w3.org/1999/02/22-rdf-syntax-ns#,http://eventmedia.eurecom.fr/sparql
http://www.w3.org/ns/shacl#,https://yago-knowledge.org/sparql/query
http://www.w3.org/1999/02/22-rdf-syntax-ns#,http://aemet.linkeddata.es/sparql
http://www.w3.org/2000/01/rdf-schema#,http://vocabs.ands.org.au/repository/api/sparql/csiro_international-chronostratigraphic-chart_2018
http://www.w3.org/2004/02/skos/core#,http://environment.data.gov.uk/sparql/bwq/query
http://www.w3.org/2000/01/rdf-schema#,https://glyconnect.expasy.org/sparql
http://www.w3.org/1999/02/22-rdf-syntax-ns#,http://de.dbpedia.org/sparql
http://www.w3.org/2004/02/skos/core#,https://schema.gov.it/sparql
http://www.w3.org/1999/02/22-rdf-syntax-ns#,http://dbtune.org/bbc/peel/sparql
http://www.w3.org/2004/02/skos/core#,https://hu.dbpedia.org/sparql
http://www.w3.org/1999/02/22-rdf-syntax-ns#,https://api.druid.datalegend.net/datasets/AdamNet/Heritage/sparql
http://www.w3.org/2000/01/rdf-schema#,https://api.druid.datalegend.net/datasets/dataLegend/strikes/sparql
http://www.w3.org/2003/11/swrl#,http://lod.openlinksw.com/sparql
http://www.w3.org/1999/02/22-rdf-syntax-ns#,https://data.dia.gov.cz/sparql
http://www.w3.org/2004/02/skos/core#,https://digitaalerfgoed.poolparty.biz/PoolParty/sparql/term/id/cht
http://www.w3.org/2004/02/skos/core#,http://resource.geolba.ac.at/PoolParty/sparql/tectonicunit
http://www.w3.org/2002/07/owl#,https://metadb.riken.jp/sparql
http://www.w3.org/2000/01/rdf-schema#,https://rdf.metanetx.org/sparql
http://www.w3.org/2003/11/swrl#,https://www.bgee.org/sparql
http://www.w3.org/2002/07/owl#,https://clara.univ-nantes.fr/sparql
http://www.w3.org/2002/07/owl#,http://dbtune.org/classical/sparql
http://www.w3.org/2004/02/skos/core#,https://rdf.insee.fr/sparql
http://www.w3.org/2000/01/rdf-schema#,https://lov.okfn.org/dataset/lov/sparql
http://www.w3.org/1999/02/22-rdf-syntax-ns#,https://id.nlm.nih.gov/mesh/sparql
http://www.w3.org/2002/07/owl#,https://ld.cultural.jp/sparql
http://www.w3.org/1999/02/22-rdf-syntax-ns#,https://joinup.ec.europa.eu/sparql
http://www.w3.org/2002/07/owl#,http://msm.eagle-i.net/sparqler/sparql
http://www.w3.org/2004/02/skos/core#,https://linked.opendata.cz/sparql
http://www.w3.org/2002/07/owl#,https://semanticweb.cs.vu.nl/dss/sparql
http://www.w3.org/1999/02/22-rdf-syntax-ns#,https://www.thegazette.co.uk/sparql
http://www.w3.org/2000/01/rdf-schema#,https://ldf.fi/folklore/sparql
http://www.w3.org/1999/02/22-rdf-syntax-ns#,https://dati.camera.it/sparql
http://www.w3.org/1999/02/22-rdf-syntax-ns#,http://hkcan.julac.org/lod/sparql
http://www.w3.org/ns/shacl#,http://uriburner.com/sparql
http://www.w3.org/2002/07/owl#,http://data.cervantesvirtual.com/sparql
http://www.w3.org/2002/07/owl#,http://geo.linkeddata.es/sparql
http://www.w3.org/2000/01/rdf-schema#,https://api.druid.datalegend.net/datasets/Per-LOD-ad-Astra/Sleutelkastje/sparql
http://www.w3.org/2002/07/owl#,https://query.portal.mardi4nfdi.de/proxy/wdqs/bigdata/namespace/wdq/sparql
http://www.w3.org/1999/02/22-rdf-syntax-ns#,https://api.druid.datalegend.net/datasets/AdamNet/Geography/sparql
http://www.w3.org/2000/01/rdf-schema#,https://api.druid.datalegend.net/datasets/MiconSchorsij/OnTheWaterfront/sparql
http://www.w3.org/2004/02/skos/core#,https://ja.dbpedia.org/sparql
http://www.w3.org/2002/07/owl#,http://sparql.lynx-project.eu
http://www.w3.org/1999/02/22-rdf-syntax-ns#,http://caligraph.org/sparql
http://www.w3.org/2000/01/rdf-schema#,https://api.druid.datalegend.net/datasets/dataLegend/Clio-Infra/sparql
http://www.w3.org/2002/07/owl#,http://vocab.getty.edu/sparql
http://www.w3.org/2002/07/owl#,https://api.druid.datalegend.net/datasets/andb/andb-leden/sparql
http://www.w3.org/1999/02/22-rdf-syntax-ns#,https://dba-rdf.biosciencedbc.jp/sparql
http://www.w3.org/2000/01/rdf-schema#,http://ldf.fi/semparl/sparql
http://www.w3.org/2004/02/skos/core#,https://query.wikidata.org/bigdata/namespace/wdq/sparql
http://www.w3.org/1999/02/22-rdf-syntax-ns#,http://sparql.datao.net/sparql
http://www.w3.org/2000/01/rdf-schema#,http://data.bibliotheken.nl/sparql
http://www.w3.org/2004/02/skos/core#,https://api.druid.datalegend.net/datasets/dataLegend/CEDAR-S/sparql
http://www.w3.org/1999/02/22-rdf-syntax-ns#,http://uccaribe.eagle-i.net/sparqler/sparql
http://www.w3.org/2000/01/rdf-schema#,https://api.kunstmuseum.nl/query/proxy/wdqs/bigdata/namespace/wdq/sparql
http://www.w3.org/2000/01/rdf-schema#,https://www.foodie-cloud.org/sparql
http://www.w3.org/2000/01/rdf-schema#,https://triplestore.iccu.sbn.it/sparql
http://www.w3.org/2002/07/owl#,https://ontology.inrae.fr/bsv/sparql
http://www.w3.org/2004/02/skos/core#,http://vocab.nerc.ac.uk/sparql/
http://www.w3.org/2000/01/rdf-schema#,http://alaska.eagle-i.net/sparqler/sparql
http://www.w3.org/2000/01/rdf-schema#,http://dati.camera.it/sparql
http://www.w3.org/2000/01/rdf-schema#,https://lov.linkeddata.es/dataset/lov/sparql
http://www.w3.org/2002/07/owl#,http://datos.bne.es/sparql
http://www.w3.org/2004/02/skos/core#,https://es.dbpedia.org/sparql
http://www.w3.org/2000/01/rdf-schema#,https://opendata1.opendata.u-psud.fr/sparql
http://www.w3.org/2004/02/skos/core#,https://datos.bne.es/sparql
http://www.w3.org/2002/07/owl#,https://hitontology.eu/sparql
http://www.w3.org/2000/01/rdf-schema#,https://zbw.eu/beta/sparql/gnd/query
http://www.w3.org/2000/01/rdf-schema#,https://dbmi-icode-01.dbmi.pitt.edu/sparql
http://www.w3.org/2004/02/skos/core#,http://rdf.geneontology.org/blazegraph/sparql
http://www.w3.org/2002/07/owl#,http://sparql.archives-ouvertes.fr/sparql
http://www.w3.org/2003/11/swrl#,http://lov.okfn.org/dataset/lov/sparql
http://www.w3.org/1999/02/22-rdf-syntax-ns#,https://cs.dbpedia.org/sparql
http://www.w3.org/2004/02/skos/core#,http://wasabi.inria.fr/sparql
http://www.w3.org/1999/02/22-rdf-syntax-ns#,https://api.druid.datalegend.net/datasets/MiconSchorsij/thesaurus/sparql
http://www.w3.org/1999/02/22-rdf-syntax-ns#,https://xn--slovnk-7va.gov.cz/sparql
http://www.w3.org/2000/01/rdf-schema#,https://sparql.glyconavi.org/sparql
http://www.w3.org/1999/02/22-rdf-syntax-ns#,http://vocabs.ands.org.au/repository/api/sparql/ga_geologic-unit-type_v0-1
http://www.w3.org/2002/07/owl#,http://jsu.eagle-i.net/sparqler/sparql
http://www.w3.org/2004/02/skos/core#,https://lod.tamtamresearch.com/sparql
http://www.w3.org/2000/01/rdf-schema#,http://kaiko.getalp.org/sparql
http://www.w3.org/ns/shacl#,https://api.druid.datalegend.net/datasets/nlgis/mint/sparql
http://www.w3.org/1999/02/22-rdf-syntax-ns#,https://weakg.i3s.unice.fr/sparql
http://www.w3.org/2002/07/owl#,https://kaiko.getalp.org/sparql
http://www.w3.org/2002/07/owl#,https://api.druid.datalegend.net/datasets/IISG/jobHoard/sparql
http://www.w3.org/1999/02/22-rdf-syntax-ns#,https://data.cervantesvirtual.com/sparql
http://www.w3.org/2004/02/skos/core#,https://lod.sztaki.hu/sparql
http://www.w3.org/2000/01/rdf-schema#,https://data.gesis.org/claimskg/sparql
http://www.w3.org/2002/07/owl#,https://api.finto.fi/sparql
http://www.w3.org/2002/07/owl#,http://lov.okfn.org/dataset/lov/sparql
http://www.w3.org/2000/01/rdf-schema#,https://api.druid.datalegend.net/datasets/HistoryOfWork/historyOfWork-all-latest/services/historyOfWork-all-latest/sparql
http://www.w3.org/ns/shacl#,https://www.snik.eu/sparql
http://www.w3.org/2002/07/owl#,https://ldf.fi/mmm/sparql
http://www.w3.org/2002/07/owl#,https://sparql.uniprot.org/sparql
http://www.w3.org/1999/02/22-rdf-syntax-ns#,https://ts.glytoucan.org/sparql
http://www.w3.org/1999/02/22-rdf-syntax-ns#,https://api.druid.datalegend.net/datasets/dataLegend/gemeentegeschiedenis/sparql
http://www.w3.org/2002/07/owl#,http://utep.eagle-i.net/sparqler/sparql
http://www.w3.org/2002/07/owl#,https://sparql.string-db.org/
http://www.w3.org/1999/02/22-rdf-syntax-ns#,https://api.druid.datalegend.net/datasets/ESTA-DEMO/esta-demo-viz/sparql
http://www.w3.org/2000/01/rdf-schema#,http://ldf.fi/kirjasampo/sparql
http://www.w3.org/2002/07/owl#,https://data.persee.fr/sparql
http://www.w3.org/1999/02/22-rdf-syntax-ns#,https://chemblmirror.rdf.bigcat-bioinformatics.org/sparql
http://www.w3.org/1999/02/22-rdf-syntax-ns#,http://linkedlifedata.com/sparql
http://www.w3.org/2000/01/rdf-schema#,https://ldf.fi/ww1lod/sparql
http://www.w3.org/2004/02/skos/core#,https://triplestore.iccu.sbn.it/sparql
http://www.w3.org/2004/02/skos/core#,http://alaska.eagle-i.net/sparqler/sparql
http://www.w3.org/1999/02/22-rdf-syntax-ns#,https://opendata.aragon.es/sparql
http://www.w3.org/2000/01/rdf-schema#,http://vocab.nerc.ac.uk/sparql/
http://www.w3.org/1999/02/22-rdf-syntax-ns#,https://vocab.nerc.ac.uk/sparql
http://www.w3.org/2004/02/skos/core#,http://dati.camera.it/sparql
http://www.w3.org/2004/02/skos/core#,https://lov.linkeddata.es/dataset/lov/sparql
http://www.w3.org/2000/01/rdf-schema#,https://es.dbpedia.org/sparql
http://www.w3.org/2000/01/rdf-schema#,https://datos.bne.es/sparql
http://spinrdf.org/spin#,http://uriburner.com/sparql
http://www.w3.org/2000/01/rdf-schema#,http://rdf.geneontology.org/blazegraph/sparql
http://www.w3.org/1999/02/22-rdf-syntax-ns#,http://linkeddata.finki.ukim.mk/sparql
http://www.w3.org/2004/02/skos/core#,https://zbw.eu/beta/sparql/gnd/query
http://www.w3.org/2000/01/rdf-schema#,http://wasabi.inria.fr/sparql
http://www.w3.org/2004/02/skos/core#,https://sparql.glyconavi.org/sparql
http://www.w3.org/2002/07/owl#,https://data.cssz.cz/sparql
http://www.w3.org/1999/02/22-rdf-syntax-ns#,https://alma.uni.lu/sparql
http://www.w3.org/1999/02/22-rdf-syntax-ns#,http://api.finto.fi/sparql
http://www.w3.org/2004/02/skos/core#,http://kaiko.getalp.org/sparql
http://www.w3.org/2002/07/owl#,http://dbkwik.webdatacommons.org/sparql
http://www.w3.org/1999/02/22-rdf-syntax-ns#,https://lsd.dbcls.jp/sparql
http://www.w3.org/2000/01/rdf-schema#,https://lod.tamtamresearch.com/sparql
http://www.w3.org/2000/01/rdf-schema#,https://lod.sztaki.hu/sparql
http://www.w3.org/2002/07/owl#,https://zbw.eu/beta/sparql/stw/query
http://www.w3.org/1999/02/22-rdf-syntax-ns#,https://data.mvcr.gov.cz/sparql
http://www.w3.org/2002/07/owl#,http://sparql.uniprot.org
http://www.w3.org/2002/07/owl#,https://api.druid.datalegend.net/datasets/dataLegend/Admissies-Haarlem/sparql
http://www.w3.org/2004/02/skos/core#,https://data.gesis.org/claimskg/sparql
http://www.w3.org/2000/01/rdf-schema#,https://api.druid.datalegend.net/datasets/andb/andb-leerlingen/sparql
http://www.w3.org/2000/01/rdf-schema#,https://api.druid.datalegend.net/datasets/HistoryOfWork/historyOfWork-all-latest/sparql
http://www.w3.org/2002/07/owl#,https://ontology.inrae.fr/frenchcropusage/sparql
http://www.w3.org/1999/02/22-rdf-syntax-ns#,http://bio2rdf.org/sparql
http://www.w3.org/2000/01/rdf-schema#,http://sparql.orthodb.org/sparql
http://www.w3.org/ns/shacl#,https://api.druid.datalegend.net/datasets/nlgis/cshapes/sparql
http://www.w3.org/1999/02/22-rdf-syntax-ns#,https://api.druid.datalegend.net/datasets/dataLegend/Baghdad-to-London/sparql
http://www.w3.org/1999/02/22-rdf-syntax-ns#,https://api.druid.datalegend.net/datasets/CLARIAH-VL/Ghent-Gazetteer/sparql
http://www.w3.org/2004/02/skos/core#,http://ldf.fi/kirjasampo/sparql
http://www.w3.org/1999/02/22-rdf-syntax-ns#,https://ldf.fi/warsa/sparql
http://www.w3.org/2004/02/skos/core#,https://ldf.fi/ww1lod/sparql
http://www.w3.org/2000/01/rdf-schema#,https://sparql.orthodb.org/sparql
http://www.w3.org/2000/01/rdf-schema#,https://rdf.insee.fr/sparql
http://www.w3.org/2004/02/skos/core#,https://lov.okfn.org/dataset/lov/sparql
http://www.w3.org/2002/07/owl#,https://data.dia.gov.cz/sparql
http://www.w3.org/2000/01/rdf-schema#,https://api.druid.datalegend.net/datasets/IISG/historic-maps/sparql
http://www.w3.org/2002/07/owl#,https://api.druid.datalegend.net/datasets/AdamNet/Heritage/sparql
http://www.w3.org/2000/01/rdf-schema#,https://linked.opendata.cz/sparql
http://www.w3.org/1999/02/22-rdf-syntax-ns#,https://metadb.riken.jp/sparql
http://www.w3.org/2004/02/skos/core#,https://ldf.fi/folklore/sparql
http://www.w3.org/2002/07/owl#,http://aemet.linkeddata.es/sparql
http://www.w3.org/2002/07/owl#,http://eventmedia.eurecom.fr/sparql
http://www.w3.org/2004/02/skos/core#,https://bittich.be/sparql
http://www.w3.org/2004/02/skos/core#,https://api.druid.datalegend.net/datasets/Per-LOD-ad-Astra/Sleutelkastje/sparql
http://www.w3.org/1999/02/22-rdf-syntax-ns#,http://vocabs.ardc.edu.au/repository/api/sparql/aas_the-unified-astronomy-thesaurus_4-0-1
http://www.w3.org/2002/07/owl#,https://www.govdata.de/sparql
http://www.w3.org/2000/01/rdf-schema#,https://db.project-hobbit.eu/sparql
http://www.w3.org/2002/07/owl#,http://dbtune.org/bbc/peel/sparql
http://www.w3.org/2002/07/owl#,http://de.dbpedia.org/sparql
http://spinrdf.org/spin#,https://knowledge.brc.riken.jp/sparql
http://www.w3.org/2000/01/rdf-schema#,https://ja.dbpedia.org/sparql
http://www.w3.org/2000/01/rdf-schema#,https://yago-knowledge.org/sparql/query
http://www.w3.org/1999/02/22-rdf-syntax-ns#,https://data.europa.eu/sparql
http://www.w3.org/2002/07/owl#,http://demo.openlinksw.com/sparql
http://www.w3.org/1999/02/22-rdf-syntax-ns#,http://ldf.fi/warsa/sparql
http://www.w3.org/2004/02/skos/core#,https://api.druid.datalegend.net/datasets/dataLegend/Clio-Infra/sparql
http://www.w3.org/2000/01/rdf-schema#,https://query.wikidata.org/bigdata/namespace/wdq/sparql
http://www.w3.org/2004/02/skos/core#,http://ldf.fi/semparl/sparql
http://www.w3.org/1999/02/22-rdf-syntax-ns#,https://opendatacommunities.org/sparql
http://www.w3.org/1999/02/22-rdf-syntax-ns#,https://www.bgee.org/sparql
http://www.w3.org/2000/01/rdf-schema#,https://lipidmaps.org/sparql
http://www.w3.org/ns/shacl#,https://api.druid.datalegend.net/datasets/dataLegend/strikes/sparql
http://www.w3.org/1999/02/22-rdf-syntax-ns#,https://beta.sparql.swisslipids.org/
http://www.w3.org/2004/02/skos/core#,http://data.bibliotheken.nl/sparql
http://www.w3.org/2000/01/rdf-schema#,https://api.druid.datalegend.net/datasets/dataLegend/CEDAR-S/sparql
http://www.w3.org/1999/02/22-rdf-syntax-ns#,http://sparql.europeana.eu
http://www.w3.org/1999/02/22-rdf-syntax-ns#,http://lod.openlinksw.com/sparql
http://www.w3.org/2004/02/skos/core#,https://www.foodie-cloud.org/sparql
http://www.w3.org/1999/02/22-rdf-syntax-ns#,http://es.dbpedia.org/sparql
http://www.w3.org/2004/02/skos/core#,https://api.kunstmuseum.nl/query/proxy/wdqs/bigdata/namespace/wdq/sparql
http://www.w3.org/2002/07/owl#,http://sparql.datao.net/sparql
http://www.w3.org/2004/02/skos/core#,http://psm.eagle-i.net/sparqler/sparql
http://www.w3.org/ns/shacl#,https://lov.okfn.org/dataset/lov/sparql
http://www.w3.org/2002/07/owl#,http://uccaribe.eagle-i.net/sparqler/sparql
http://www.w3.org/2002/07/owl#,http://caligraph.org/sparql
http://www.w3.org/2000/01/rdf-schema#,https://bmrbpub.pdbj.org/search/rdf
http://www.w3.org/2000/01/rdf-schema#,http://uriburner.com/sparql
http://www.w3.org/1999/02/22-rdf-syntax-ns#,http://sparql.lynx-project.eu
http://www.w3.org/2004/02/skos/core#,https://api.druid.datalegend.net/datasets/nlgis/gemeentegeschiedenis/sparql
http://www.w3.org/2002/07/owl#,https://dba-rdf.biosciencedbc.jp/sparql
http://www.w3.org/2000/01/rdf-schema#,https://ts.glycosmos.org/sparql
http://www.w3.org/1999/02/22-rdf-syntax-ns#,https://api.druid.datalegend.net/datasets/andb/andb-leden/sparql
http://www.w3.org/2000/01/rdf-schema#,http://data.allie.dbcls.jp/sparql
http://www.w3.org/1999/02/22-rdf-syntax-ns#,http://vocab.getty.edu/sparql
http://www.w3.org/2004/02/skos/core#,https://ld.ncl.edu.tw/fuseki/lod/query
http://www.w3.org/1999/02/22-rdf-syntax-ns#,http://data.cervantesvirtual.com/sparql
http://www.w3.org/1999/02/22-rdf-syntax-ns#,http://geo.linkeddata.es/sparql
http://www.w3.org/ns/shacl#,https://api.druid.datalegend.net/datasets/dataLegend/Clio-Infra/sparql
http://www.w3.org/1999/02/22-rdf-syntax-ns#,https://query.portal.mardi4nfdi.de/proxy/wdqs/bigdata/namespace/wdq/sparql
http://www.w3.org/2004/02/skos/core#,http://vocabs.ands.org.au/repository/api/sparql/csiro_international-chronostratigraphic-chart_2018
http://www.w3.org/2000/01/rdf-schema#,http://environment.data.gov.uk/sparql/bwq/query
http://www.w3.org/2000/01/rdf-schema#,https://hu.dbpedia.org/sparql
http://www.w3.org/2002/07/owl#,https://api.druid.datalegend.net/datasets/AdamNet/Geography/sparql
http://www.w3.org/2000/01/rdf-schema#,https://schema.gov.it/sparql
http://www.w3.org/2002/07/owl#,https://id.nlm.nih.gov/mesh/sparql
http://www.w3.org/1999/02/22-rdf-syntax-ns#,https://ld.cultural.jp/sparql
http://www.w3.org/1999/02/22-rdf-syntax-ns#,https://clara.univ-nantes.fr/sparql
http://www.w3.org/2004/02/skos/core#,https://api.druid.datalegend.net/datasets/dataLegend/strikes/sparql
http://www.w3.org/1999/02/22-rdf-syntax-ns#,http://dbtune.org/classical/sparql
http://www.w3.org/2000/01/rdf-schema#,https://digitaalerfgoed.poolparty.biz/PoolParty/sparql/term/id/cht
http://www.w3.org/2002/07/owl#,https://dati.camera.it/sparql
http://www.w3.org/2002/07/owl#,https://joinup.ec.europa.eu/sparql
http://www.w3.org/1999/02/22-rdf-syntax-ns#,http://msm.eagle-i.net/sparqler/sparql
http://www.w3.org/2000/01/rdf-schema#,http://resource.geolba.ac.at/PoolParty/sparql/tectonicunit
http://www.w3.org/2000/01/rdf-schema#,https://sparql.crssnky.xyz/spql/imas/query
http://www.w3.org/1999/02/22-rdf-syntax-ns#,https://semanticweb.cs.vu.nl/dss/sparql
http://www.w3.org/2002/07/owl#,https://www.thegazette.co.uk/sparql
http://www.w3.org/1999/02/22-rdf-syntax-ns#,http://utep.eagle-i.net/sparqler/sparql
http://www.w3.org/1999/02/22-rdf-syntax-ns#,https://sparql.string-db.org/
http://www.w3.org/2000/01/rdf-schema#,https://knowledge.brc.riken.jp/sparql
http://www.w3.org/1999/02/22-rdf-syntax-ns#,https://ldf.fi/mmm/sparql
http://www.w3.org/1999/02/22-rdf-syntax-ns#,https://sparql.uniprot.org/sparql
http://www.w3.org/2002/07/owl#,https://ts.glytoucan.org/sparql
http://www.w3.org/2004/02/skos/core#,http://upr.eagle-i.net/sparqler/sparql
http://www.w3.org/2002/07/owl#,http://linkedlifedata.com/sparql
http://www.w3.org/2002/07/owl#,https://chemblmirror.rdf.bigcat-bioinformatics.org/sparql
http://www.w3.org/2004/02/skos/core#,http://d2kab.i3s.unice.fr/sparql
http://www.w3.org/1999/02/22-rdf-syntax-ns#,https://data.persee.fr/sparql
http://www.w3.org/ns/shacl#,https://lov.linkeddata.es/dataset/lov/sparql
http://www.w3.org/ns/shacl#,https://opendata1.opendata.u-psud.fr/sparql
http://www.w3.org/1999/02/22-rdf-syntax-ns#,https://api.finto.fi/sparql
http://www.w3.org/2000/01/rdf-schema#,https://data.mpsv.cz/sparql/
http://www.w3.org/2004/02/skos/core#,https://fr.dbpedia.org/sparql
http://www.w3.org/2000/01/rdf-schema#,https://api.druid.datalegend.net/datasets/nlgis/mint/sparql
http://www.w3.org/1999/02/22-rdf-syntax-ns#,http://lov.okfn.org/dataset/lov/sparql
http://www.w3.org/2002/07/owl#,https://xn--slovnk-7va.gov.cz/sparql
http://www.w3.org/2002/07/owl#,https://api.druid.datalegend.net/datasets/MiconSchorsij/thesaurus/sparql
http://www.w3.org/2002/07/owl#,http://vocabs.ands.org.au/repository/api/sparql/ga_geologic-unit-type_v0-1
http://www.w3.org/1999/02/22-rdf-syntax-ns#,http://sparql.archives-ouvertes.fr/sparql
http://www.w3.org/2002/07/owl#,https://cs.dbpedia.org/sparql
http://www.w3.org/2004/02/skos/core#,http://sparql.proconsortium.org/virtuoso/sparql
http://www.w3.org/1999/02/22-rdf-syntax-ns#,https://kaiko.getalp.org/sparql
http://www.w3.org/1999/02/22-rdf-syntax-ns#,https://api.druid.datalegend.net/datasets/IISG/jobHoard/sparql
http://www.w3.org/2002/07/owl#,https://data.cervantesvirtual.com/sparql
http://www.w3.org/2004/02/skos/core#,http://metadb.riken.jp/sparql
http://www.w3.org/1999/02/22-rdf-syntax-ns#,http://jsu.eagle-i.net/sparqler/sparql
http://www.w3.org/2004/02/skos/core#,https://covidontheweb.inria.fr/sparql
http://www.w3.org/2002/07/owl#,https://weakg.i3s.unice.fr/sparql
http://www.w3.org/1999/02/22-rdf-syntax-ns#,https://ontology.inrae.fr/bsv/sparql
http://www.w3.org/2000/01/rdf-schema#,https://www.snik.eu/sparql
http://www.w3.org/2004/02/skos/core#,http://data.persee.fr/sparql
http://www.w3.org/1999/02/22-rdf-syntax-ns#,https://hitontology.eu/sparql
http://www.w3.org/1999/02/22-rdf-syntax-ns#,http://datos.bne.es/sparql
http://www.w3.org/2004/02/skos/core#,https://druid.datalegend.net/AdamNet/Heritage/sparql/Heritage
http://www.w3.org/2004/02/skos/core#,https://publications.europa.eu/webapi/rdf/sparql
http://www.w3.org/2004/02/skos/core#,https://pgxlod.loria.fr/sparql
http://www.w3.org/1999/02/22-rdf-syntax-ns#,https://aopwiki.rdf.bigcat-bioinformatics.org/sparql
http://www.w3.org/2002/07/owl#,http://webisa.webdatacommons.org/sparql
http://www.w3.org/2002/07/owl#,https://api.druid.datalegend.net/datasets/dataLegend/jobHoard/sparql
http://www.w3.org/2004/02/skos/core#,http://geosparql.demo.openlinksw.com/sparql
http://www.w3.org/1999/02/22-rdf-syntax-ns#,https://hamap.expasy.org/sparql
http://www.w3.org/2000/01/rdf-schema#,https://lod.openlinksw.com/sparql
http://www.w3.org/2000/01/rdf-schema#,https://api.druid.datalegend.net/datasets/IISG/VanMeerendonk/sparql
http://www.w3.org/2004/02/skos/core#,https://jpsearch.go.jp/rdf/sparql
http://www.w3.org/2004/02/skos/core#,https://data.europa.eu/euodp/sparqlep
http://www.w3.org/1999/02/22-rdf-syntax-ns#,http://cultura.linkeddata.es/sparql
http://www.w3.org/1999/02/22-rdf-syntax-ns#,http://tuskegee.eagle-i.net/sparqler/sparql
http://www.w3.org/2004/02/skos/core#,http://data.cervantesvirtual.com/bvmc-lod/repositories/data
http://www.w3.org/2002/07/owl#,http://dati.isprambiente.it/sparql
http://www.w3.org/2004/02/skos/core#,http://factforge.net/repositories/ff-news
http://www.w3.org/2000/01/rdf-schema#,https://cr.eionet.europa.eu/sparql
http://www.w3.org/1999/02/22-rdf-syntax-ns#,http://data.cervantesvirtual.com/openrdf-sesame/repositories/data
http://www.w3.org/1999/02/22-rdf-syntax-ns#,http://dbpedia.org/sparql
http://www.w3.org/2000/01/rdf-schema#,https://imagesnippets.com/sparql/images
http://www.w3.org/2000/01/rdf-schema#,https://data.cinematheque.qc.ca/sparql
http://www.w3.org/1999/02/22-rdf-syntax-ns#,http://ohsu.eagle-i.net/sparqler/sparql
http://www.w3.org/2004/02/skos/core#,https://slod.fiz-karlsruhe.de/sparql
http://www.w3.org/1999/02/22-rdf-syntax-ns#,http://ldf.fi/corresp/sparql
http://www.w3.org/2000/01/rdf-schema#,https://www.performing-arts.ch/sparql
http://www.w3.org/2000/01/rdf-schema#,https://ldf.fi/kirjasampo/sparql
http://www.w3.org/2000/01/rdf-schema#,http://premon.fbk.eu/sparql
http://www.w3.org/2000/01/rdf-schema#,https://api.druid.datalegend.net/datasets/dataLegend/Admissies-DH/sparql
http://www.w3.org/1999/02/22-rdf-syntax-ns#,http://vocabulary.curriculum.edu.au/PoolParty/sparql/scot
http://www.w3.org/2004/02/skos/core#,https://vocab.getty.edu/sparql
http://www.w3.org/1999/02/22-rdf-syntax-ns#,https://mmisw.org/sparql
http://www.w3.org/1999/02/22-rdf-syntax-ns#,https://sparql.rhea-db.org/sparql
http://www.w3.org/2004/02/skos/core#,https://api.parliament.uk/sparql
http://www.w3.org/2004/02/skos/core#,https://regulatorycircuits-lod.genouest.org/sparql/
http://www.w3.org/1999/02/22-rdf-syntax-ns#,http://ma-graph.org/sparql
http://www.w3.org/1999/02/22-rdf-syntax-ns#,http://fr.dbpedia.org/sparql
http://www.w3.org/1999/02/22-rdf-syntax-ns#,http://data.logainm.ie/sparql
http://www.w3.org/1999/02/22-rdf-syntax-ns#,https://data.idref.fr/sparql
http://www.w3.org/2000/01/rdf-schema#,https://semanticweb.cs.vu.nl/verrijktkoninkrijk/sparql
http://www.w3.org/2002/07/owl#,https://linkeddata.uriburner.com/sparql
http://www.w3.org/2002/07/owl#,http://wikidata.demo.openlinksw.com/sparql
http://www.w3.org/2004/02/skos/core#,http://ldf.fi/folklore/sparql
http://www.w3.org/2004/02/skos/core#,https://data.entice.eu/sparql
http://www.w3.org/2004/02/skos/core#,https://api.druid.datalegend.net/datasets/dataLegend/microHeights/sparql
http://www.w3.org/2004/02/skos/core#,http://resource.geolba.ac.at/PoolParty/sparql/lithology
http://www.w3.org/1999/02/22-rdf-syntax-ns#,http://resource.geolba.ac.at/PoolParty/sparql/GeologicUnit
http://www.w3.org/2003/11/swrl#,http://sparql.southgreen.fr
http://www.w3.org/2004/02/skos/core#,https://ruian.linked.opendata.cz/sparql
http://www.w3.org/2000/01/rdf-schema#,https://dati.isprambiente.it/sparql
http://www.w3.org/2000/01/rdf-schema#,http://data.archaeologydataservice.ac.uk/sparql/repositories/archives
http://www.w3.org/2000/01/rdf-schema#,http://ja.dbpedia.org/sparql
http://www.w3.org/1999/02/22-rdf-syntax-ns#,https://api.druid.datalegend.net/datasets/IISG/Labourconflicts/sparql
http://www.w3.org/2002/07/owl#,https://datos.bcn.cl/sparql
http://www.w3.org/2002/07/owl#,https://sparql.wikipathways.org/sparql
http://www.w3.org/2002/07/owl#,https://sparql.glycoinfo.org/sparql
http://www.w3.org/1999/02/22-rdf-syntax-ns#,https://ideal-rdf.dbcls.jp/sparql
http://www.w3.org/2000/01/rdf-schema#,https://landportal.org/sparql
http://www.w3.org/1999/02/22-rdf-syntax-ns#,https://zbw.eu/beta/sparql/stwv/query
http://www.w3.org/1999/02/22-rdf-syntax-ns#,https://api.druid.datalegend.net/datasets/IISG/iisg-kg/sparql
http://www.w3.org/2002/07/owl#,http://bmrbpub.protein.osaka-u.ac.jp/search/rdf
http://www.w3.org/2000/01/rdf-schema#,http://resource.geolba.ac.at/PoolParty/sparql/GeologicTimeScale
http://www.w3.org/2002/07/owl#,https://lod.nl.go.kr/sparql
http://www.w3.org/1999/02/22-rdf-syntax-ns#,http://opendatacommunities.org/sparql
http://www.w3.org/2000/01/rdf-schema#,https://query.wikidata.org/sparql
http://www.w3.org/2000/01/rdf-schema#,https://api.druid.datalegend.net/datasets/andb/ANDB-ADB-all/sparql
http://www.w3.org/1999/02/22-rdf-syntax-ns#,http://sparql.odw.tw
http://www.w3.org/2000/01/rdf-schema#,https://rpp-opendata.egon.gov.cz/odrpp/sparql
http://www.w3.org/2002/07/owl#,http://publications.europa.eu/webapi/rdf/sparql
http://www.w3.org/2004/02/skos/core#,http://hawaii.eagle-i.net/sparqler/sparql
http://www.w3.org/2000/01/rdf-schema#,https://query.linkedopendata.eu/sparql
http://www.w3.org/2002/07/owl#,https://ontology.inrae.fr/weather/sparql
http://www.w3.org/2004/02/skos/core#,https://api.druid.datalegend.net/datasets/AdamNet/all/sparql
http://www.w3.org/2002/07/owl#,http://sparql.southgreen.fr
http://www.w3.org/2000/01/rdf-schema#,https://makg.org/sparql
http://www.w3.org/2000/01/rdf-schema#,https://libris.kb.se/sparql
http://www.w3.org/2000/01/rdf-schema#,http://statistics.data.gov.uk/sparql
http://www.w3.org/2002/07/owl#,http://xula.eagle-i.net/sparqler/sparql
http://www.w3.org/2003/11/swrl#,https://linkeddata.uriburner.com/sparql
http://www.w3.org/1999/02/22-rdf-syntax-ns#,http://linguistic.linkeddata.es/sparql
http://www.w3.org/ns/shacl#,https://api.druid.datalegend.net/datasets/dataLegend/microHeights/sparql
http://www.w3.org/2000/01/rdf-schema#,http://ts.opendata.inrae.fr/sparql
http://www.w3.org/2002/07/owl#,https://relate.racai.ro/datasets/rtasc/sparql
http://www.w3.org/1999/02/22-rdf-syntax-ns#,https://www.genome.jp/sparql/linkdb
http://spinrdf.org/spin#,https://lod.openlinksw.com/sparql
http://www.w3.org/1999/02/22-rdf-syntax-ns#,https://orkg.org/triplestore
http://www.w3.org/2000/01/rdf-schema#,http://data.doremus.org/sparql
http://www.w3.org/2002/07/owl#,http://linkedgeodata.org/sparql
http://www.w3.org/2002/07/owl#,https://data.escr.fr/sparql
http://www.w3.org/2004/02/skos/core#,https://dbpedia.org/sparql
http://www.w3.org/2002/07/owl#,http://dbtune.org/jamendo/sparql
http://www.w3.org/2004/02/skos/core#,https://forum.semantic-metabolomics.fr/sparql
http://www.w3.org/2002/07/owl#,http://datos.bcn.cl/sparql
http://www.w3.org/2000/01/rdf-schema#,https://api.druid.datalegend.net/datasets/HistoryOfWork/HISCO-latest/sparql
http://www.w3.org/2002/07/owl#,https://linkedwiki.com/sparql
http://www.w3.org/2004/02/skos/core#,https://lingualibre.org/sparql
http://www.w3.org/2004/02/skos/core#,https://lingualibre.org/bigdata/namespace/wdq/sparql
http://www.w3.org/2002/07/owl#,https://genome.microbedb.jp/sparql
http://www.w3.org/2002/07/owl#,https://data.bnf.fr/sparql
http://www.w3.org/2000/01/rdf-schema#,http://vocabs.ands.org.au/repository/api/sparql/anzsrc-for
http://www.w3.org/2002/07/owl#,https://agrovoc.fao.org/sparql
http://www.w3.org/2000/01/rdf-schema#,https://api.druid.datalegend.net/datasets/ATM-DEMO/ATM-CLARIAH-DEMO/sparql
http://www.w3.org/2002/07/owl#,http://lod.nl.go.kr/sparql
http://www.w3.org/2000/01/rdf-schema#,http://data.bnf.fr/sparql
http://www.w3.org/2000/01/rdf-schema#,https://open.bydata.de/api/sparql
http://www.w3.org/2002/07/owl#,https://api.data.muziekweb.nl/datasets/muziekweborganization/Muziekweb/services/Muziekweb/sparql
http://www.w3.org/2000/01/rdf-schema#,http://libris.kb.se/sparql
http://www.w3.org/2000/01/rdf-schema#,http://statistics.gov.scot/sparql
http://www.w3.org/2002/07/owl#,https://colil.dbcls.jp/sparql
http://spinrdf.org/spin#,https://cr.eionet.europa.eu/sparql
http://www.w3.org/2000/01/rdf-schema#,https://taxref.mnhn.fr/sparql
http://www.w3.org/2002/07/owl#,http://data.mimo-db.eu/sparql
http://www.w3.org/1999/02/22-rdf-syntax-ns#,https://api.druid.datalegend.net/datasets/dataLegend/Catasto/sparql
http://www.w3.org/2000/01/rdf-schema#,https://ontology.inrae.fr/frenchcropusage/query
http://www.w3.org/2000/01/rdf-schema#,http://lod.xdams.org/sparql
http://www.w3.org/2002/07/owl#,http://weakg.i3s.unice.fr/sparql
http://www.w3.org/ns/shacl#,https://publications.europa.eu/webapi/rdf/sparql
http://www.w3.org/1999/02/22-rdf-syntax-ns#,https://www.nakala.fr/sparql
http://www.w3.org/1999/02/22-rdf-syntax-ns#,http://vocabulary.semantic-web.at/PoolParty/sparql/semweb
http://www.w3.org/1999/02/22-rdf-syntax-ns#,http://www.genome.jp/sparql/linkdb
http://www.w3.org/2000/01/rdf-schema#,http://lod.b3kat.de/sparql
http://www.w3.org/1999/02/22-rdf-syntax-ns#,http://taxref.mnhn.fr/sparql
http://www.w3.org/2002/07/owl#,http://opendata.aragon.es/sparql
http://www.w3.org/1999/02/22-rdf-syntax-ns#,http://data.rism.info/sparql
http://www.w3.org/1999/02/22-rdf-syntax-ns#,https://data.allie.dbcls.jp/sparql
http://www.w3.org/ns/shacl#,https://data.europa.eu/euodp/sparqlep
http://www.w3.org/1999/02/22-rdf-syntax-ns#,http://tsu.eagle-i.net/sparqler/sparql
http://www.w3.org/2000/01/rdf-schema#,http://genome.microbedb.jp/sparql
http://www.w3.org/2000/01/rdf-schema#,https://zbw.eu/beta/sparql/pm20/query
http://www.w3.org/1999/02/22-rdf-syntax-ns#,https://api.aucklandmuseum.com/sparql
http://www.w3.org/2002/07/owl#,https://data.muziekweb.nl/MuziekwebOrganization/Muziekweb/sparql/Muziekweb
http://www.w3.org/2004/02/skos/core#,https://data.mff.cuni.cz/sparql
http://www.w3.org/2004/02/skos/core#,https://premon.fbk.eu/sparql
http://www.w3.org/2000/01/rdf-schema#,https://api.druid.datalegend.net/datasets/andb/andb/sparql
http://www.w3.org/2002/07/owl#,http://db.artsdata.ca/repositories/artsdata
http://www.w3.org/2002/07/owl#,https://lod.abes.fr/sparql
http://www.w3.org/1999/02/22-rdf-syntax-ns#,http://id.nlm.nih.gov/mesh/sparql
http://www.w3.org/2000/01/rdf-schema#,http://vocabulary.semantic-web.at/PoolParty/sparql/OpenData
http://www.w3.org/2002/07/owl#,https://api.druid.datalegend.net/datasets/dataLegend/deaths-1910-1920/sparql
http://www.w3.org/2000/01/rdf-schema#,http://vocabs.ardc.edu.au/repository/api/sparql/csiro_international-chronostratigraphic-chart_geologic-time-scale-2020
http://www.w3.org/1999/02/22-rdf-syntax-ns#,https://data.epo.org/linked-data/query
http://www.w3.org/1999/02/22-rdf-syntax-ns#,https://bio2rdf.org/sparql
http://www.w3.org/2000/01/rdf-schema#,https://semantic.eea.europa.eu/sparql
http://www.w3.org/2002/07/owl#,http://ldf.fi/ww1lod/sparql
http://www.w3.org/2002/07/owl#,https://api.druid.datalegend.net/datasets/andb/adb-leden/sparql
http://www.w3.org/1999/02/22-rdf-syntax-ns#,https://api.druid.datalegend.net/datasets/IISG/Images/sparql
http://www.w3.org/2004/02/skos/core#,https://sparql.proconsortium.org/virtuoso/sparql
http://www.w3.org/1999/02/22-rdf-syntax-ns#,http://dbtune.org/musicbrainz/sparql
http://www.w3.org/2004/02/skos/core#,https://data.gov.cz/sparql
http://www.w3.org/2004/02/skos/core#,http://virtuoso.plateforme.dipso.inrae.fr/sparql
http://www.w3.org/2000/01/rdf-schema#,http://affymetrix.bio2rdf.org/sparql
http://www.w3.org/2004/02/skos/core#,http://lod.xdams.org/sparql
http://www.w3.org/2002/07/owl#,http://vocabulary.curriculum.edu.au/PoolParty/sparql/scot
http://www.w3.org/2002/07/owl#,https://mmisw.org/sparql
http://www.w3.org/2004/02/skos/core#,https://ontology.inrae.fr/frenchcropusage/query
http://www.w3.org/2004/02/skos/core#,https://relate.racai.ro/datasets/legalnero/query
,https://sophox.org/sparql
http://www.w3.org/2004/02/skos/core#,http://lod.b3kat.de/sparql
http://www.w3.org/2002/07/owl#,http://ma-graph.org/sparql
http://www.w3.org/2002/07/owl#,https://sparql.rhea-db.org/sparql
http://www.w3.org/2002/07/owl#,http://ohsu.eagle-i.net/sparqler/sparql
http://www.w3.org/2002/07/owl#,http://data.cervantesvirtual.com/openrdf-sesame/repositories/data
http://www.w3.org/ns/shacl#,https://lod.openlinksw.com/sparql
http://www.w3.org/2002/07/owl#,http://dbpedia.org/sparql
http://www.w3.org/2004/02/skos/core#,https://zbw.eu/beta/sparql/pm20/query
http://www.w3.org/2002/07/owl#,http://ldf.fi/corresp/sparql
http://www.w3.org/2002/07/owl#,https://hamap.expasy.org/sparql
http://www.w3.org/2000/01/rdf-schema#,https://data.mff.cuni.cz/sparql
http://www.w3.org/2000/01/rdf-schema#,https://premon.fbk.eu/sparql
http://www.w3.org/1999/02/22-rdf-syntax-ns#,http://dati.isprambiente.it/sparql
http://www.w3.org/2000/01/rdf-schema#,https://sparql.crssnky.xyz/spql/imas/query?query=
http://www.w3.org/2002/07/owl#,http://tuskegee.eagle-i.net/sparqler/sparql
http://www.w3.org/2002/07/owl#,http://cultura.linkeddata.es/sparql
http://www.w3.org/2004/02/skos/core#,http://vocabulary.semantic-web.at/PoolParty/sparql/OpenData
http://www.w3.org/2004/02/skos/core#,https://semantic.eea.europa.eu/sparql
http://www.w3.org/2004/02/skos/core#,http://vocabs.ardc.edu.au/repository/api/sparql/csiro_international-chronostratigraphic-chart_geologic-time-scale-2020
http://www.w3.org/ns/shacl#,https://api.druid.datalegend.net/datasets/dataLegend/Admissies-DH/sparql
http://www.w3.org/2003/11/swrl#,https://mmisw.org/sparql
http://www.w3.org/2000/01/rdf-schema#,https://data.gov.cz/sparql
http://www.w3.org/2000/01/rdf-schema#,https://sparql.proconsortium.org/virtuoso/sparql
http://www.w3.org/2000/01/rdf-schema#,http://virtuoso.plateforme.dipso.inrae.fr/sparql
http://www.w3.org/2004/02/skos/core#,http://affymetrix.bio2rdf.org/sparql
http://www.w3.org/1999/02/22-rdf-syntax-ns#,http://webisa.webdatacommons.org/sparql
http://www.w3.org/1999/02/22-rdf-syntax-ns#,https://api.druid.datalegend.net/datasets/dataLegend/jobHoard/sparql
http://www.w3.org/2002/07/owl#,https://aopwiki.rdf.bigcat-bioinformatics.org/sparql
http://www.w3.org/2004/02/skos/core#,http://ts.opendata.inrae.fr/sparql
http://www.w3.org/1999/02/22-rdf-syntax-ns#,http://xula.eagle-i.net/sparqler/sparql
http://www.w3.org/1999/02/22-rdf-syntax-ns#,http://sparql.southgreen.fr
http://www.w3.org/2002/07/owl#,http://linguistic.linkeddata.es/sparql
http://www.w3.org/2004/02/skos/core#,http://data.doremus.org/sparql
http://www.w3.org/1999/02/22-rdf-syntax-ns#,https://lod.nl.go.kr/sparql
http://www.w3.org/2002/07/owl#,http://opendatacommunities.org/sparql
http://www.w3.org/2000/01/rdf-schema#,https://dbpedia.org/sparql
http://www.w3.org/2000/01/rdf-schema#,https://forum.semantic-metabolomics.fr/sparql
http://www.w3.org/1999/02/22-rdf-syntax-ns#,https://ontology.inrae.fr/weather/sparql
http://www.w3.org/2002/07/owl#,http://sparql.odw.tw
http://www.w3.org/1999/02/22-rdf-syntax-ns#,http://publications.europa.eu/webapi/rdf/sparql
http://www.w3.org/ns/shacl#,https://api.druid.datalegend.net/datasets/andb/ANDB-ADB-all/sparql
http://www.w3.org/2000/01/rdf-schema#,https://lingualibre.org/bigdata/namespace/wdq/sparql
http://www.w3.org/2004/02/skos/core#,http://vocabs.ands.org.au/repository/api/sparql/anzsrc-for
http://www.w3.org/1999/02/22-rdf-syntax-ns#,https://sparql.wikipathways.org/sparql
http://www.w3.org/1999/02/22-rdf-syntax-ns#,https://datos.bcn.cl/sparql
http://www.w3.org/2000/01/rdf-schema#,https://lingualibre.org/sparql
http://www.w3.org/2002/07/owl#,https://api.druid.datalegend.net/datasets/IISG/Labourconflicts/sparql
http://www.w3.org/2002/07/owl#,https://api.druid.datalegend.net/datasets/IISG/iisg-kg/sparql
http://www.w3.org/1999/02/22-rdf-syntax-ns#,http://bmrbpub.protein.osaka-u.ac.jp/search/rdf
http://www.w3.org/2004/02/skos/core#,https://api.druid.datalegend.net/datasets/ATM-DEMO/ATM-CLARIAH-DEMO/sparql
http://www.w3.org/2004/02/skos/core#,http://data.bnf.fr/sparql
http://www.w3.org/2002/07/owl#,https://zbw.eu/beta/sparql/stwv/query
http://www.w3.org/1999/02/22-rdf-syntax-ns#,https://sparql.glycoinfo.org/sparql
http://www.w3.org/2002/07/owl#,https://ideal-rdf.dbcls.jp/sparql
http://www.w3.org/1999/02/22-rdf-syntax-ns#,http://wikidata.demo.openlinksw.com/sparql
http://www.w3.org/2004/02/skos/core#,https://open.bydata.de/api/sparql
http://www.w3.org/2002/07/owl#,http://resource.geolba.ac.at/PoolParty/sparql/GeologicUnit
http://www.w3.org/2002/07/owl#,http://data.logainm.ie/sparql
http://www.w3.org/2002/07/owl#,http://fr.dbpedia.org/sparql
http://www.w3.org/1999/02/22-rdf-syntax-ns#,https://linkeddata.uriburner.com/sparql
http://www.w3.org/2004/02/skos/core#,http://libris.kb.se/sparql
http://www.w3.org/2002/07/owl#,https://data.idref.fr/sparql
http://www.w3.org/2004/02/skos/core#,http://statistics.gov.scot/sparql
http://www.w3.org/2004/02/skos/core#,https://taxref.mnhn.fr/sparql
http://www.w3.org/2004/02/skos/core#,https://semanticweb.cs.vu.nl/verrijktkoninkrijk/sparql
http://www.w3.org/1999/02/22-rdf-syntax-ns#,https://api.data.muziekweb.nl/datasets/muziekweborganization/Muziekweb/services/Muziekweb/sparql
http://www.w3.org/2000/01/rdf-schema#,http://resource.geolba.ac.at/PoolParty/sparql/lithology
http://www.w3.org/2000/01/rdf-schema#,http://ldf.fi/folklore/sparql
http://www.w3.org/2000/01/rdf-schema#,https://data.entice.eu/sparql
http://www.w3.org/1999/02/22-rdf-syntax-ns#,https://edan.si.edu/saam/sparql
http://www.w3.org/2000/01/rdf-schema#,https://api.druid.datalegend.net/datasets/dataLegend/microHeights/sparql
http://www.w3.org/2004/02/skos/core#,https://dati.isprambiente.it/sparql
http://www.w3.org/1999/02/22-rdf-syntax-ns#,http://data.mimo-db.eu/sparql
http://www.w3.org/2000/01/rdf-schema#,https://ruian.linked.opendata.cz/sparql
http://www.w3.org/2004/02/skos/core#,http://ja.dbpedia.org/sparql
http://www.w3.org/1999/02/22-rdf-syntax-ns#,https://colil.dbcls.jp/sparql
http://www.w3.org/2004/02/skos/core#,http://data.archaeologydataservice.ac.uk/sparql/repositories/archives
http://www.w3.org/1999/02/22-rdf-syntax-ns#,https://agrovoc.fao.org/sparql
http://www.w3.org/1999/02/22-rdf-syntax-ns#,https://linkedwiki.com/sparql
http://www.w3.org/1999/02/22-rdf-syntax-ns#,https://data.bnf.fr/sparql
http://www.w3.org/1999/02/22-rdf-syntax-ns#,https://genome.microbedb.jp/sparql
http://www.w3.org/1999/02/22-rdf-syntax-ns#,https://ldf.fi/mufi/sparql
http://www.w3.org/2004/02/skos/core#,https://landportal.org/sparql
http://www.w3.org/1999/02/22-rdf-syntax-ns#,http://lod.nl.go.kr/sparql
http://www.w3.org/2004/02/skos/core#,http://resource.geolba.ac.at/PoolParty/sparql/GeologicTimeScale
http://www.w3.org/1999/02/22-rdf-syntax-ns#,http://dbtune.org/jamendo/sparql
http://www.w3.org/2004/02/skos/core#,https://api.druid.datalegend.net/datasets/andb/ANDB-ADB-all/sparql
http://www.w3.org/1999/02/22-rdf-syntax-ns#,https://data.escr.fr/sparql
http://www.w3.org/2004/02/skos/core#,https://query.wikidata.org/sparql
http://www.w3.org/1999/02/22-rdf-syntax-ns#,http://linkedgeodata.org/sparql
http://www.w3.org/2004/02/skos/core#,https://rpp-opendata.egon.gov.cz/odrpp/sparql
http://www.w3.org/2000/01/rdf-schema#,https://relate.racai.ro/datasets/parseme/query
http://www.w3.org/1999/02/22-rdf-syntax-ns#,http://datos.bcn.cl/sparql
http://www.w3.org/2000/01/rdf-schema#,http://hawaii.eagle-i.net/sparqler/sparql
http://www.w3.org/2004/02/skos/core#,https://query.linkedopendata.eu/sparql
http://www.w3.org/1999/02/22-rdf-syntax-ns#,https://relate.racai.ro/datasets/rtasc/sparql
http://www.w3.org/2000/01/rdf-schema#,https://api.druid.datalegend.net/datasets/AdamNet/all/sparql
http://www.w3.org/2002/07/owl#,https://www.genome.jp/sparql/linkdb
http://www.w3.org/2000/01/rdf-schema#,http://sparql.nibb.ac.jp/sparql
http://www.w3.org/2004/02/skos/core#,http://statistics.data.gov.uk/sparql
http://www.w3.org/2004/02/skos/core#,https://libris.kb.se/sparql
http://www.w3.org/ns/shacl#,https://open.bydata.de/api/sparql
http://www.w3.org/2000/01/rdf-schema#,https://relate.racai.ro/datasets/simonero/query
http://www.w3.org/2002/07/owl#,https://orkg.org/triplestore
http://www.w3.org/1999/02/22-rdf-syntax-ns#,https://api.druid.datalegend.net/datasets/andb/adb-leden/sparql
http://www.w3.org/2000/01/rdf-schema#,https://publications.europa.eu/webapi/rdf/sparql
http://www.w3.org/2003/11/swrl#,http://taxref.mnhn.fr/sparql
http://www.w3.org/2000/01/rdf-schema#,https://druid.datalegend.net/AdamNet/Heritage/sparql/Heritage
http://www.w3.org/2002/07/owl#,https://data.epo.org/linked-data/query
http://www.w3.org/2002/07/owl#,https://bio2rdf.org/sparql
http://www.w3.org/1999/02/22-rdf-syntax-ns#,https://relate.racai.ro/datasets/rolex/query
http://www.w3.org/2000/01/rdf-schema#,https://pgxlod.loria.fr/sparql
http://www.w3.org/1999/02/22-rdf-syntax-ns#,http://ldf.fi/ww1lod/sparql
http://www.w3.org/1999/02/22-rdf-syntax-ns#,https://idsm.elixir-czech.cz/sparql/endpoint/chebi
http://www.w3.org/2002/07/owl#,http://dbtune.org/musicbrainz/sparql
http://www.w3.org/2000/01/rdf-schema#,http://geosparql.demo.openlinksw.com/sparql
http://www.w3.org/2004/02/skos/core#,https://lod.openlinksw.com/sparql
http://www.w3.org/2004/02/skos/core#,https://api.druid.datalegend.net/datasets/IISG/VanMeerendonk/sparql
http://www.w3.org/1999/02/22-rdf-syntax-ns#,http://db.artsdata.ca/repositories/artsdata
http://www.w3.org/2000/01/rdf-schema#,https://data.europa.eu/euodp/sparqlep
http://www.w3.org/2000/01/rdf-schema#,https://jpsearch.go.jp/rdf/sparql
http://www.w3.org/2002/07/owl#,http://id.nlm.nih.gov/mesh/sparql
http://www.w3.org/1999/02/22-rdf-syntax-ns#,https://api.druid.datalegend.net/datasets/dataLegend/deaths-1910-1920/sparql
http://www.w3.org/1999/02/22-rdf-syntax-ns#,https://lod.abes.fr/sparql
http://www.w3.org/2000/01/rdf-schema#,http://data.cervantesvirtual.com/bvmc-lod/repositories/data
http://www.w3.org/2000/01/rdf-schema#,http://factforge.net/repositories/ff-news
http://www.w3.org/2002/07/owl#,http://tsu.eagle-i.net/sparqler/sparql
http://www.w3.org/2004/02/skos/core#,https://cr.eionet.europa.eu/sparql
http://www.w3.org/2002/07/owl#,http://data.rism.info/sparql
http://www.w3.org/2002/07/owl#,https://data.allie.dbcls.jp/sparql
http://www.w3.org/2004/02/skos/core#,https://data.cinematheque.qc.ca/sparql
http://www.w3.org/2000/01/rdf-schema#,https://slod.fiz-karlsruhe.de/sparql
http://www.w3.org/1999/02/22-rdf-syntax-ns#,https://data.muziekweb.nl/MuziekwebOrganization/Muziekweb/sparql/Muziekweb
http://www.w3.org/2000/01/rdf-schema#,http://vulcan.cs.uga.edu/sparql
http://www.w3.org/2002/07/owl#,https://api.aucklandmuseum.com/sparql
http://www.w3.org/2004/02/skos/core#,http://premon.fbk.eu/sparql
http://www.w3.org/2004/02/skos/core#,https://api.druid.datalegend.net/datasets/dataLegend/Admissies-DH/sparql
http://www.w3.org/2004/02/skos/core#,https://www.performing-arts.ch/sparql
http://www.w3.org/2004/02/skos/core#,https://ldf.fi/kirjasampo/sparql
http://www.w3.org/2002/07/owl#,https://www.nakala.fr/sparql
http://www.w3.org/2002/07/owl#,http://vocabulary.semantic-web.at/PoolParty/sparql/semweb
http://www.w3.org/ns/shacl#,https://semantic.eea.europa.eu/sparql
http://www.w3.org/1999/02/22-rdf-syntax-ns#,http://weakg.i3s.unice.fr/sparql
http://www.w3.org/2000/01/rdf-schema#,https://vocab.getty.edu/sparql
http://www.w3.org/2000/01/rdf-schema#,https://api.parliament.uk/sparql
http://www.w3.org/2002/07/owl#,http://taxref.mnhn.fr/sparql
http://www.w3.org/1999/02/22-rdf-syntax-ns#,http://opendata.aragon.es/sparql
http://www.w3.org/2000/01/rdf-schema#,https://regulatorycircuits-lod.genouest.org/sparql/
http://www.w3.org/2002/07/owl#,http://www.genome.jp/sparql/linkdb
http://www.w3.org/2000/01/rdf-schema#,http://dati.isprambiente.it/sparql
http://www.w3.org/1999/02/22-rdf-syntax-ns#,https://sparql.crssnky.xyz/spql/imas/query?query=
http://www.w3.org/1999/02/22-rdf-syntax-ns#,https://data.mff.cuni.cz/sparql
http://www.w3.org/1999/02/22-rdf-syntax-ns#,https://premon.fbk.eu/sparql
http://www.w3.org/2002/07/owl#,https://lod.openlinksw.com/sparql
http://www.w3.org/2002/07/owl#,https://api.druid.datalegend.net/datasets/IISG/VanMeerendonk/sparql
http://www.w3.org/1999/02/22-rdf-syntax-ns#,http://virtuoso.plateforme.dipso.inrae.fr/sparql
http://www.w3.org/ns/shacl#,https://sparql.rhea-db.org/sparql
http://www.w3.org/2000/01/rdf-schema#,http://webisa.webdatacommons.org/sparql
http://www.w3.org/2000/01/rdf-schema#,https://api.druid.datalegend.net/datasets/dataLegend/jobHoard/sparql
http://www.w3.org/1999/02/22-rdf-syntax-ns#,https://data.gov.cz/sparql
http://www.w3.org/1999/02/22-rdf-syntax-ns#,https://sparql.proconsortium.org/virtuoso/sparql
http://www.w3.org/ns/shacl#,https://mmisw.org/sparql
http://www.w3.org/2004/02/skos/core#,https://data.epo.org/linked-data/query
http://www.w3.org/2004/02/skos/core#,https://bio2rdf.org/sparql
http://www.w3.org/2004/02/skos/core#,http://taxref.mnhn.fr/sparql
http://www.w3.org/2002/07/owl#,https://ldf.fi/kirjasampo/sparql
http://www.w3.org/2004/02/skos/core#,https://www.nakala.fr/sparql
http://www.w3.org/2004/02/skos/core#,http://vocabulary.semantic-web.at/PoolParty/sparql/semweb
http://www.w3.org/2002/07/owl#,https://www.performing-arts.ch/sparql
http://www.w3.org/2002/07/owl#,https://api.druid.datalegend.net/datasets/dataLegend/Admissies-DH/sparql
http://www.w3.org/2002/07/owl#,http://premon.fbk.eu/sparql
http://www.w3.org/2003/11/swrl#,https://lod.openlinksw.com/sparql
http://www.w3.org/2002/07/owl#,https://cr.eionet.europa.eu/sparql
http://www.w3.org/ns/shacl#,https://hamap.expasy.org/sparql
http://www.w3.org/2004/02/skos/core#,http://tsu.eagle-i.net/sparqler/sparql
http://www.w3.org/2002/07/owl#,https://imagesnippets.com/sparql/images
http://www.w3.org/2002/07/owl#,https://data.cinematheque.qc.ca/sparql
http://www.w3.org/2004/02/skos/core#,https://data.allie.dbcls.jp/sparql
http://www.w3.org/2002/07/owl#,https://landportal.org/sparql
http://www.w3.org/2000/01/rdf-schema#,https://sparql.glycoinfo.org/sparql
http://www.w3.org/2000/01/rdf-schema#,http://bmrbpub.protein.osaka-u.ac.jp/search/rdf
http://www.w3.org/2002/07/owl#,http://resource.geolba.ac.at/PoolParty/sparql/GeologicTimeScale
http://www.w3.org/1999/02/22-rdf-syntax-ns#,https://lingualibre.org/bigdata/namespace/wdq/sparql
http://www.w3.org/2000/01/rdf-schema#,https://sparql.wikipathways.org/sparql
http://www.w3.org/2000/01/rdf-schema#,https://datos.bcn.cl/sparql
http://www.w3.org/1999/02/22-rdf-syntax-ns#,https://lingualibre.org/sparql
http://www.w3.org/2004/02/skos/core#,https://api.druid.datalegend.net/datasets/dataLegend/Catasto/sparql
http://www.w3.org/2002/07/owl#,https://dati.isprambiente.it/sparql
http://www.w3.org/2002/07/owl#,http://ja.dbpedia.org/sparql
http://www.w3.org/2002/07/owl#,https://semanticweb.cs.vu.nl/verrijktkoninkrijk/sparql
http://www.w3.org/2000/01/rdf-schema#,https://linkeddata.uriburner.com/sparql
http://www.w3.org/2000/01/rdf-schema#,http://wikidata.demo.openlinksw.com/sparql
http://www.w3.org/2000/01/rdf-schema#,http://sparql.southgreen.fr
http://www.w3.org/2002/07/owl#,https://makg.org/sparql
http://www.w3.org/2002/07/owl#,https://libris.kb.se/sparql
http://www.w3.org/2002/07/owl#,http://statistics.data.gov.uk/sparql
http://www.w3.org/2000/01/rdf-schema#,http://xula.eagle-i.net/sparqler/sparql
http://www.w3.org/2002/07/owl#,https://rpp-opendata.egon.gov.cz/odrpp/sparql
http://www.w3.org/2000/01/rdf-schema#,http://publications.europa.eu/webapi/rdf/sparql
http://www.w3.org/2002/07/owl#,https://query.linkedopendata.eu/sparql
http://www.w3.org/ns/shacl#,https://api.druid.datalegend.net/datasets/IISG/iisg-kg/sparql
http://www.w3.org/2000/01/rdf-schema#,https://ontology.inrae.fr/weather/sparql
http://www.w3.org/2000/01/rdf-schema#,https://lod.nl.go.kr/sparql
http://www.w3.org/1999/02/22-rdf-syntax-ns#,https://dbpedia.org/sparql
http://www.w3.org/1999/02/22-rdf-syntax-ns#,https://forum.semantic-metabolomics.fr/sparql
http://www.w3.org/ns/shacl#,https://api.druid.datalegend.net/datasets/IISG/Labourconflicts/sparql
http://www.w3.org/2002/07/owl#,https://query.wikidata.org/sparql
http://www.w3.org/2002/07/owl#,https://api.druid.datalegend.net/datasets/andb/ANDB-ADB-all/sparql
http://www.w3.org/2000/01/rdf-schema#,http://datos.bcn.cl/sparql
http://www.w3.org/1999/02/22-rdf-syntax-ns#,http://hawaii.eagle-i.net/sparqler/sparql
http://www.w3.org/1999/02/22-rdf-syntax-ns#,https://relate.racai.ro/datasets/parseme/query
http://www.w3.org/2004/02/skos/core#,http://sparql.odw.tw
http://www.w3.org/2000/01/rdf-schema#,https://data.escr.fr/sparql
http://www.w3.org/2000/01/rdf-schema#,http://linkedgeodata.org/sparql
http://www.w3.org/2000/01/rdf-schema#,http://dbtune.org/jamendo/sparql
http://www.w3.org/2004/02/skos/core#,http://opendatacommunities.org/sparql
http://www.w3.org/2004/02/skos/core#,http://linguistic.linkeddata.es/sparql
http://www.w3.org/1999/02/22-rdf-syntax-ns#,https://relate.racai.ro/datasets/simonero/query
http://www.w3.org/2002/07/owl#,http://data.doremus.org/sparql
http://www.w3.org/1999/02/22-rdf-syntax-ns#,http://sparql.nibb.ac.jp/sparql
http://www.w3.org/2002/07/owl#,http://ts.opendata.inrae.fr/sparql
http://www.w3.org/2000/01/rdf-schema#,https://relate.racai.ro/datasets/rtasc/sparql
http://www.w3.org/2003/11/swrl#,https://taxref.mnhn.fr/sparql
http://www.w3.org/1999/02/22-rdf-syntax-ns#,https://api.druid.datalegend.net/datasets/AdamNet/all/sparql
http://www.w3.org/1999/02/22-rdf-syntax-ns#,https://api.druid.datalegend.net/datasets/IISG/sicada/sparql
http://www.w3.org/ns/shacl#,https://orkg.org/triplestore
http://www.w3.org/2000/01/rdf-schema#,https://colil.dbcls.jp/sparql
http://www.w3.org/2002/07/owl#,https://taxref.mnhn.fr/sparql
http://www.w3.org/2000/01/rdf-schema#,http://data.mimo-db.eu/sparql
http://www.w3.org/1999/02/22-rdf-syntax-ns#,https://ruian.linked.opendata.cz/sparql
http://www.w3.org/2000/01/rdf-schema#,https://api.data.muziekweb.nl/datasets/muziekweborganization/Muziekweb/services/Muziekweb/sparql
http://www.w3.org/1999/02/22-rdf-syntax-ns#,http://resource.geolba.ac.at/PoolParty/sparql/lithology
http://www.w3.org/2002/07/owl#,https://open.bydata.de/api/sparql
http://www.w3.org/2004/02/skos/core#,http://resource.geolba.ac.at/PoolParty/sparql/GeologicUnit
http://www.w3.org/1999/02/22-rdf-syntax-ns#,http://ldf.fi/folklore/sparql
http://www.w3.org/1999/02/22-rdf-syntax-ns#,https://data.entice.eu/sparql
http://www.w3.org/2000/01/rdf-schema#,https://edan.si.edu/saam/sparql
http://www.w3.org/1999/02/22-rdf-syntax-ns#,https://api.druid.datalegend.net/datasets/dataLegend/microHeights/sparql
http://www.w3.org/2004/02/skos/core#,https://data.idref.fr/sparql
http://www.w3.org/2002/07/owl#,http://statistics.gov.scot/sparql
http://www.w3.org/2002/07/owl#,http://libris.kb.se/sparql
http://www.w3.org/2004/02/skos/core#,http://fr.dbpedia.org/sparql
http://www.w3.org/2002/07/owl#,https://api.druid.datalegend.net/datasets/ATM-DEMO/ATM-CLARIAH-DEMO/sparql
http://www.w3.org/2000/01/rdf-schema#,http://lod.nl.go.kr/sparql
http://www.w3.org/2004/02/skos/core#,https://api.druid.datalegend.net/datasets/IISG/iisg-kg/sparql
http://www.w3.org/2000/01/rdf-schema#,https://ldf.fi/mufi/sparql
http://www.w3.org/2002/07/owl#,http://data.bnf.fr/sparql
http://www.w3.org/2004/02/skos/core#,https://zbw.eu/beta/sparql/stwv/query
http://www.w3.org/2000/01/rdf-schema#,https://linkedwiki.com/sparql
http://www.w3.org/2002/07/owl#,https://api.druid.datalegend.net/datasets/HistoryOfWork/HISCO-latest/sparql
http://www.w3.org/2000/01/rdf-schema#,https://data.bnf.fr/sparql
http://www.w3.org/2000/01/rdf-schema#,https://genome.microbedb.jp/sparql
http://www.w3.org/2000/01/rdf-schema#,https://agrovoc.fao.org/sparql
http://www.w3.org/2004/02/skos/core#,https://api.druid.datalegend.net/datasets/IISG/Labourconflicts/sparql
http://www.w3.org/1999/02/22-rdf-syntax-ns#,http://vulcan.cs.uga.edu/sparql
http://spinrdf.org/spin#,https://linkeddata.uriburner.com/sparql
http://www.w3.org/2002/07/owl#,https://zbw.eu/beta/sparql/pm20/query
http://www.w3.org/2004/02/skos/core#,http://ldf.fi/corresp/sparql
http://www.w3.org/1999/02/22-rdf-syntax-ns#,https://slod.fiz-karlsruhe.de/sparql
http://www.w3.org/2000/01/rdf-schema#,https://data.muziekweb.nl/MuziekwebOrganization/Muziekweb/sparql/Muziekweb
http://www.w3.org/2004/02/skos/core#,http://ohsu.eagle-i.net/sparqler/sparql
http://www.w3.org/2002/07/owl#,http://genome.microbedb.jp/sparql
http://www.w3.org/2004/02/skos/core#,http://dbpedia.org/sparql
http://www.w3.org/2004/02/skos/core#,http://data.cervantesvirtual.com/openrdf-sesame/repositories/data
http://www.w3.org/1999/02/22-rdf-syntax-ns#,https://regulatorycircuits-lod.genouest.org/sparql/
http://www.w3.org/2002/07/owl#,http://lod.b3kat.de/sparql
http://www.w3.org/1999/02/22-rdf-syntax-ns#,https://api.parliament.uk/sparql
http://www.w3.org/2000/01/rdf-schema#,http://opendata.aragon.es/sparql
http://www.w3.org/2002/07/owl#,https://ontology.inrae.fr/frenchcropusage/query
http://www.w3.org/2004/02/skos/core#,https://mmisw.org/sparql
http://www.w3.org/2000/01/rdf-schema#,http://weakg.i3s.unice.fr/sparql
http://www.w3.org/2004/02/skos/core#,http://vocabulary.curriculum.edu.au/PoolParty/sparql/scot
http://www.w3.org/1999/02/22-rdf-syntax-ns#,https://vocab.getty.edu/sparql
http://www.w3.org/2002/07/owl#,http://lod.xdams.org/sparql
http://www.w3.org/2002/07/owl#,https://relate.racai.ro/datasets/legalnero/query
http://www.w3.org/1999/02/22-rdf-syntax-ns#,http://geosparql.demo.openlinksw.com/sparql
http://www.w3.org/2004/02/skos/core#,https://aopwiki.rdf.bigcat-bioinformatics.org/sparql
http://www.w3.org/2002/07/owl#,http://affymetrix.bio2rdf.org/sparql
http://www.w3.org/2002/07/owl#,http://vocabs.ardc.edu.au/repository/api/sparql/csiro_international-chronostratigraphic-chart_geologic-time-scale-2020
http://www.w3.org/1999/02/22-rdf-syntax-ns#,https://pgxlod.loria.fr/sparql
http://www.w3.org/2000/01/rdf-schema#,http://ldf.fi/ww1lod/sparql
http://www.w3.org/2002/07/owl#,https://semantic.eea.europa.eu/sparql
http://www.w3.org/2000/01/rdf-schema#,https://api.druid.datalegend.net/datasets/andb/adb-leden/sparql
http://www.w3.org/1999/02/22-rdf-syntax-ns#,https://publications.europa.eu/webapi/rdf/sparql
http://www.w3.org/1999/02/22-rdf-syntax-ns#,https://druid.datalegend.net/AdamNet/Heritage/sparql/Heritage
http://www.w3.org/2000/01/rdf-schema#,https://lod.abes.fr/sparql
http://www.w3.org/1999/02/22-rdf-syntax-ns#,http://data.cervantesvirtual.com/bvmc-lod/repositories/data
http://www.w3.org/1999/02/22-rdf-syntax-ns#,http://factforge.net/repositories/ff-news
http://www.w3.org/2002/07/owl#,http://vocabulary.semantic-web.at/PoolParty/sparql/OpenData
http://www.w3.org/2000/01/rdf-schema#,https://api.druid.datalegend.net/datasets/dataLegend/deaths-1910-1920/sparql
http://www.w3.org/2004/02/skos/core#,http://cultura.linkeddata.es/sparql
http://www.w3.org/2004/02/skos/core#,http://tuskegee.eagle-i.net/sparqler/sparql
http://www.w3.org/1999/02/22-rdf-syntax-ns#,https://data.europa.eu/euodp/sparqlep
http://www.w3.org/1999/02/22-rdf-syntax-ns#,https://jpsearch.go.jp/rdf/sparql
http://www.w3.org/2002/07/owl#,https://api.druid.datalegend.net/datasets/andb/andb/sparql
http://www.w3.org/2000/01/rdf-schema#,http://db.artsdata.ca/repositories/artsdata
http://www.w3.org/2000/01/rdf-schema#,http://ldf.fi/corresp/sparql
http://www.w3.org/2004/02/skos/core#,https://data.muziekweb.nl/MuziekwebOrganization/Muziekweb/sparql/Muziekweb
http://www.w3.org/1999/02/22-rdf-syntax-ns#,https://data.cinematheque.qc.ca/sparql
http://www.w3.org/2000/01/rdf-schema#,http://ohsu.eagle-i.net/sparqler/sparql
http://www.w3.org/1999/02/22-rdf-syntax-ns#,https://cr.eionet.europa.eu/sparql
http://www.w3.org/2000/01/rdf-schema#,http://data.cervantesvirtual.com/openrdf-sesame/repositories/data
http://www.w3.org/2000/01/rdf-schema#,http://dbpedia.org/sparql
http://www.w3.org/1999/02/22-rdf-syntax-ns#,https://imagesnippets.com/sparql/images
http://www.w3.org/2000/01/rdf-schema#,http://ma-graph.org/sparql
http://www.w3.org/2004/02/skos/core#,http://opendata.aragon.es/sparql
http://www.w3.org/2000/01/rdf-schema#,https://sparql.rhea-db.org/sparql
http://www.w3.org/2004/02/skos/core#,http://weakg.i3s.unice.fr/sparql
http://www.w3.org/2000/01/rdf-schema#,http://vocabulary.curriculum.edu.au/PoolParty/sparql/scot
http://www.w3.org/2000/01/rdf-schema#,https://mmisw.org/sparql
http://www.w3.org/1999/02/22-rdf-syntax-ns#,https://www.performing-arts.ch/sparql
http://www.w3.org/1999/02/22-rdf-syntax-ns#,https://ldf.fi/kirjasampo/sparql
http://www.w3.org/1999/02/22-rdf-syntax-ns#,http://premon.fbk.eu/sparql
http://www.w3.org/1999/02/22-rdf-syntax-ns#,https://api.druid.datalegend.net/datasets/dataLegend/Admissies-DH/sparql
http://www.w3.org/2002/07/owl#,https://data.gov.cz/sparql
http://www.w3.org/2002/07/owl#,https://sparql.proconsortium.org/virtuoso/sparql
http://www.w3.org/2002/07/owl#,http://virtuoso.plateforme.dipso.inrae.fr/sparql
http://www.w3.org/2000/01/rdf-schema#,https://aopwiki.rdf.bigcat-bioinformatics.org/sparql
http://www.w3.org/2004/02/skos/core#,http://ldf.fi/ww1lod/sparql
http://www.w3.org/1999/02/22-rdf-syntax-ns#,https://api.druid.datalegend.net/datasets/HistoryOfWork/jobHoard-latest/sparql
http://www.w3.org/2002/07/owl#,https://sparql.crssnky.xyz/spql/imas/query?query=
http://www.w3.org/2004/02/skos/core#,https://lod.abes.fr/sparql
http://www.w3.org/2004/02/skos/core#,https://api.druid.datalegend.net/datasets/dataLegend/deaths-1910-1920/sparql
http://www.w3.org/2000/01/rdf-schema#,http://cultura.linkeddata.es/sparql
http://www.w3.org/2000/01/rdf-schema#,http://tuskegee.eagle-i.net/sparqler/sparql
http://www.w3.org/2000/01/rdf-schema#,https://hamap.expasy.org/sparql
http://www.w3.org/2004/02/skos/core#,http://db.artsdata.ca/repositories/artsdata
http://www.w3.org/1999/02/22-rdf-syntax-ns#,https://lod.openlinksw.com/sparql
http://www.w3.org/1999/02/22-rdf-syntax-ns#,https://api.druid.datalegend.net/datasets/IISG/VanMeerendonk/sparql
http://www.w3.org/2002/07/owl#,https://data.mff.cuni.cz/sparql
http://www.w3.org/2002/07/owl#,https://premon.fbk.eu/sparql
http://www.w3.org/1999/02/22-rdf-syntax-ns#,https://query.linkedopendata.eu/sparql
http://www.w3.org/2004/02/skos/core#,http://datos.bcn.cl/sparql
http://www.w3.org/2000/01/rdf-schema#,http://sparql.odw.tw
http://www.w3.org/1999/02/22-rdf-syntax-ns#,https://rpp-opendata.egon.gov.cz/odrpp/sparql
http://www.w3.org/1999/02/22-rdf-syntax-ns#,https://query.wikidata.org/sparql
http://www.w3.org/2004/02/skos/core#,http://linkedgeodata.org/sparql
http://www.w3.org/1999/02/22-rdf-syntax-ns#,https://api.druid.datalegend.net/datasets/andb/ANDB-ADB-all/sparql
http://www.w3.org/2000/01/rdf-schema#,http://opendatacommunities.org/sparql
http://www.w3.org/2002/07/owl#,https://dbpedia.org/sparql
http://www.w3.org/2002/07/owl#,https://forum.semantic-metabolomics.fr/sparql
http://www.w3.org/2000/01/rdf-schema#,http://linguistic.linkeddata.es/sparql
http://www.w3.org/1999/02/22-rdf-syntax-ns#,https://libris.kb.se/sparql
http://www.w3.org/1999/02/22-rdf-syntax-ns#,http://statistics.data.gov.uk/sparql
http://www.w3.org/ns/shacl#,https://linkeddata.uriburner.com/sparql
http://www.w3.org/1999/02/22-rdf-syntax-ns#,https://makg.org/sparql
http://www.w3.org/2004/02/skos/core#,https://relate.racai.ro/datasets/rtasc/sparql
http://www.w3.org/1999/02/22-rdf-syntax-ns#,http://data.archaeologydataservice.ac.uk/sparql/repositories/archives
http://www.w3.org/1999/02/22-rdf-syntax-ns#,http://ja.dbpedia.org/sparql
http://www.w3.org/2004/02/skos/core#,http://data.mimo-db.eu/sparql
http://www.w3.org/1999/02/22-rdf-syntax-ns#,https://dati.isprambiente.it/sparql
http://www.w3.org/2004/02/skos/core#,https://edan.si.edu/saam/sparql
http://www.w3.org/2004/02/skos/core#,https://api.data.muziekweb.nl/datasets/muziekweborganization/Muziekweb/services/Muziekweb/sparql
http://www.w3.org/2000/01/rdf-schema#,http://resource.geolba.ac.at/PoolParty/sparql/GeologicUnit
http://www.w3.org/2000/01/rdf-schema#,http://fr.dbpedia.org/sparql
http://www.w3.org/2000/01/rdf-schema#,http://data.logainm.ie/sparql
http://www.w3.org/2000/01/rdf-schema#,https://data.idref.fr/sparql
http://www.w3.org/1999/02/22-rdf-syntax-ns#,https://semanticweb.cs.vu.nl/verrijktkoninkrijk/sparql
http://www.w3.org/2000/01/rdf-schema#,https://api.druid.datalegend.net/datasets/IISG/iisg-kg/sparql
http://www.w3.org/2004/02/skos/core#,http://lod.nl.go.kr/sparql
http://www.w3.org/1999/02/22-rdf-syntax-ns#,http://resource.geolba.ac.at/PoolParty/sparql/GeologicTimeScale
http://www.w3.org/2000/01/rdf-schema#,https://ideal-rdf.dbcls.jp/sparql
http://www.w3.org/1999/02/22-rdf-syntax-ns#,https://landportal.org/sparql
http://www.w3.org/2000/01/rdf-schema#,https://zbw.eu/beta/sparql/stwv/query
http://www.w3.org/ns/shacl#,http://publications.europa.eu/webapi/rdf/sparql
http://www.w3.org/2004/02/skos/core#,https://ldf.fi/mufi/sparql
http://www.w3.org/2004/02/skos/core#,https://data.bnf.fr/sparql
http://www.w3.org/2002/07/owl#,https://lingualibre.org/bigdata/namespace/wdq/sparql
http://www.w3.org/2004/02/skos/core#,https://linkedwiki.com/sparql
http://www.w3.org/2002/07/owl#,https://lingualibre.org/sparql
http://www.w3.org/2000/01/rdf-schema#,https://api.druid.datalegend.net/datasets/IISG/Labourconflicts/sparql
http://www.w3.org/2004/02/skos/core#,https://agrovoc.fao.org/sparql
http://www.w3.org/1999/02/22-rdf-syntax-ns#,http://data.bnf.fr/sparql
http://www.w3.org/2004/02/skos/core#,https://sparql.glycoinfo.org/sparql
http://www.w3.org/1999/02/22-rdf-syntax-ns#,https://api.druid.datalegend.net/datasets/ATM-DEMO/ATM-CLARIAH-DEMO/sparql
http://www.w3.org/2004/02/skos/core#,http://bmrbpub.protein.osaka-u.ac.jp/search/rdf
http://www.w3.org/1999/02/22-rdf-syntax-ns#,https://api.druid.datalegend.net/datasets/HistoryOfWork/HISCO-latest/sparql
http://www.w3.org/2004/02/skos/core#,https://sparql.wikipathways.org/sparql
http://www.w3.org/ns/shacl#,https://data.escr.fr/sparql
http://www.w3.org/2004/02/skos/core#,https://datos.bcn.cl/sparql
http://www.w3.org/1999/02/22-rdf-syntax-ns#,http://vocabs.ands.org.au/repository/api/sparql/anzsrc-for
http://www.w3.org/1999/02/22-rdf-syntax-ns#,https://taxref.mnhn.fr/sparql
http://www.w3.org/2002/07/owl#,https://ruian.linked.opendata.cz/sparql
http://www.w3.org/2004/02/skos/core#,https://linkeddata.uriburner.com/sparql
http://www.w3.org/1999/02/22-rdf-syntax-ns#,http://libris.kb.se/sparql
http://www.w3.org/1999/02/22-rdf-syntax-ns#,http://statistics.gov.scot/sparql
http://www.w3.org/1999/02/22-rdf-syntax-ns#,https://open.bydata.de/api/sparql
http://www.w3.org/2002/07/owl#,http://resource.geolba.ac.at/PoolParty/sparql/lithology
http://www.w3.org/2002/07/owl#,https://data.entice.eu/sparql
http://www.w3.org/2002/07/owl#,https://api.druid.datalegend.net/datasets/dataLegend/microHeights/sparql
http://www.w3.org/2004/02/skos/core#,http://wikidata.demo.openlinksw.com/sparql
http://www.w3.org/2002/07/owl#,http://ldf.fi/folklore/sparql
http://www.w3.org/1999/02/22-rdf-syntax-ns#,http://data.doremus.org/sparql
http://www.w3.org/2000/01/rdf-schema#,https://orkg.org/triplestore
http://www.w3.org/2004/02/skos/core#,http://sparql.southgreen.fr
http://www.w3.org/2002/07/owl#,https://api.druid.datalegend.net/datasets/AdamNet/all/sparql
http://www.w3.org/2000/01/rdf-schema#,https://www.genome.jp/sparql/linkdb
http://www.w3.org/2002/07/owl#,http://sparql.nibb.ac.jp/sparql
http://www.w3.org/2004/02/skos/core#,http://xula.eagle-i.net/sparqler/sparql
http://www.w3.org/1999/02/22-rdf-syntax-ns#,http://ts.opendata.inrae.fr/sparql
http://www.w3.org/2004/02/skos/core#,http://publications.europa.eu/webapi/rdf/sparql
http://www.w3.org/2004/02/skos/core#,https://ontology.inrae.fr/weather/sparql
http://www.w3.org/2002/07/owl#,http://hawaii.eagle-i.net/sparqler/sparql
http://www.w3.org/2004/02/skos/core#,https://lod.nl.go.kr/sparql
http://www.w3.org/2000/01/rdf-schema#,http://id.nlm.nih.gov/mesh/sparql
http://www.w3.org/1999/02/22-rdf-syntax-ns#,http://vocabulary.semantic-web.at/PoolParty/sparql/OpenData
http://www.w3.org/2004/02/skos/core#,http://dati.isprambiente.it/sparql
http://www.w3.org/2002/07/owl#,http://factforge.net/repositories/ff-news
http://www.w3.org/2002/07/owl#,http://data.cervantesvirtual.com/bvmc-lod/repositories/data
http://www.w3.org/1999/02/22-rdf-syntax-ns#,https://api.druid.datalegend.net/datasets/andb/andb/sparql
http://www.w3.org/2002/07/owl#,https://data.europa.eu/euodp/sparqlep
http://www.w3.org/2002/07/owl#,https://jpsearch.go.jp/rdf/sparql
http://www.w3.org/2004/02/skos/core#,http://webisa.webdatacommons.org/sparql
http://www.w3.org/2004/02/skos/core#,https://api.druid.datalegend.net/datasets/dataLegend/jobHoard/sparql
http://www.w3.org/1999/02/22-rdf-syntax-ns#,http://affymetrix.bio2rdf.org/sparql
http://www.w3.org/2000/01/rdf-schema#,http://dbtune.org/musicbrainz/sparql
http://www.w3.org/2002/07/owl#,http://geosparql.demo.openlinksw.com/sparql
http://www.w3.org/2002/07/owl#,https://publications.europa.eu/webapi/rdf/sparql
http://www.w3.org/2002/07/owl#,https://druid.datalegend.net/AdamNet/Heritage/sparql/Heritage
http://www.w3.org/1999/02/22-rdf-syntax-ns#,http://vocabs.ardc.edu.au/repository/api/sparql/csiro_international-chronostratigraphic-chart_geologic-time-scale-2020
http://www.w3.org/2000/01/rdf-schema#,https://data.epo.org/linked-data/query
http://www.w3.org/2000/01/rdf-schema#,https://bio2rdf.org/sparql
http://www.w3.org/1999/02/22-rdf-syntax-ns#,https://semantic.eea.europa.eu/sparql
http://www.w3.org/2002/07/owl#,https://pgxlod.loria.fr/sparql
http://www.w3.org/2002/07/owl#,https://api.parliament.uk/sparql
http://www.w3.org/2000/01/rdf-schema#,http://taxref.mnhn.fr/sparql
http://www.w3.org/2002/07/owl#,https://regulatorycircuits-lod.genouest.org/sparql/
http://www.w3.org/2000/01/rdf-schema#,http://www.genome.jp/sparql/linkdb
http://www.w3.org/1999/02/22-rdf-syntax-ns#,http://lod.b3kat.de/sparql
http://www.w3.org/1999/02/22-rdf-syntax-ns#,https://relate.racai.ro/datasets/legalnero/query
http://www.w3.org/2000/01/rdf-schema#,https://www.nakala.fr/sparql
http://www.w3.org/2000/01/rdf-schema#,http://vocabulary.semantic-web.at/PoolParty/sparql/semweb
http://www.w3.org/1999/02/22-rdf-syntax-ns#,https://ontology.inrae.fr/frenchcropusage/query
http://www.w3.org/2002/07/owl#,https://vocab.getty.edu/sparql
http://www.w3.org/1999/02/22-rdf-syntax-ns#,http://lod.xdams.org/sparql
http://www.w3.org/2002/07/owl#,https://slod.fiz-karlsruhe.de/sparql
http://www.w3.org/2002/07/owl#,http://vulcan.cs.uga.edu/sparql
http://www.w3.org/1999/02/22-rdf-syntax-ns#,https://zbw.eu/beta/sparql/pm20/query
http://www.w3.org/2000/01/rdf-schema#,https://api.aucklandmuseum.com/sparql
http://www.w3.org/ns/shacl#,http://db.artsdata.ca/repositories/artsdata
http://www.w3.org/2000/01/rdf-schema#,http://tsu.eagle-i.net/sparqler/sparql
http://www.w3.org/1999/02/22-rdf-syntax-ns#,http://genome.microbedb.jp/sparql
http://www.w3.org/2000/01/rdf-schema#,http://data.rism.info/sparql
http://www.w3.org/2000/01/rdf-schema#,https://data.allie.dbcls.jp/sparql
